Temperatura,Deformacion,Esfuerzo
-40.0,0.0,0.0
-40.0,0.05,9.6211799984375
-40.0,0.1,17.0476199
-40.0,0.15,24.2372313609375
-40.0,0.2,32.0752736
-40.0,0.25,40.7306005859375
-40.0,0.3,49.952507100000005
-40.0,0.35,59.30817367343752
-40.0,0.4,68.36071039999996
-40.0,0.45,76.78779962343765
-40.0,0.5,84.4409375000001
-40.0,0.55,91.3452744359376
-40.0,0.6,97.64005439999997
-40.0,0.65,103.45965311093784
-40.0,0.7,108.75521510000021
-40.0,0.75,113.05688964843785
-40.0,0.8,115.17666559999975
-39.0,0.0,0.0
-39.0,0.05,9.6211799984375
-39.0,0.1,17.0476199
-39.0,0.15,24.2372313609375
-39.0,0.2,32.0752736
-39.0,0.25,40.7306005859375
-39.0,0.3,49.952507100000005
-39.0,0.35,59.30817367343752
-39.0,0.4,68.36071039999996
-39.0,0.45,76.78779962343765
-39.0,0.5,84.4409375000001
-39.0,0.55,91.3452744359376
-39.0,0.6,97.64005439999997
-39.0,0.65,103.45965311093784
-39.0,0.7,108.75521510000021
-39.0,0.75,113.05688964843785
-39.0,0.8,115.17666559999975
-38.0,0.0,0.0
-38.0,0.05,9.5757839053125
-38.0,0.1,17.12794394
-38.0,0.15,24.4566352228125
-38.0,0.2,32.37740016
-38.0,0.25,41.0459580078125
-38.0,0.3,50.22919626
-38.0,0.35,59.522363860312524
-38.0,0.4,68.51246623999997
-38.0,0.45,76.88786218031264
-38.0,0.5,84.4940625000001
-38.0,0.55,91.33573056781259
-38.0,0.6,97.52488463999997
-38.0,0.65,103.17530202281282
-38.0,0.7,108.24312506000021
-38.0,0.75,112.31366894531283
-38.0,0.8,114.33443135999974
-37.0,0.0,0.0
-37.0,0.05,9.55308585875
-37.0,0.1,17.168105960000002
-37.0,0.15,24.56633715375
-37.0,0.2,32.52846344
-37.0,0.25,41.203636718750005
-37.0,0.3,50.367540840000004
-37.0,0.35,59.629458953750024
-37.0,0.4,68.58834415999996
-37.0,0.45,76.93789345875014
-37.0,0.5,84.5206250000001
-37.0,0.55,91.33095863375007
-37.0,0.6,97.46729975999997
-37.0,0.65,103.0331264787503
-37.0,0.7,107.9870800400002
-37.0,0.75,111.94205859375032
-37.0,0.8,113.91331423999975
-36.0,0.0,0.0
-36.0,0.05,9.530387812187499
-36.0,0.1,17.208267980000002
-36.0,0.15,24.6760390846875
-36.0,0.2,32.679526720000005
-36.0,0.25,41.3613154296875
-36.0,0.3,50.505885420000006
-36.0,0.35,59.73655404718752
-36.0,0.4,68.66422207999996
-36.0,0.45,76.98792473718764
-36.0,0.5,84.54718750000009
-36.0,0.55,91.32618669968757
-36.0,0.6,97.40971487999997
-36.0,0.65,102.8909509346878
-36.0,0.7,107.73103502000019
-36.0,0.75,111.57044824218781
-36.0,0.8,113.49219711999974
-35.0,0.0,0.0
-35.0,0.05,9.507689765624999
-35.0,0.1,17.248430000000003
-35.0,0.15,24.785741015625
-35.0,0.2,32.83059
-35.0,0.25,41.518994140625004
-35.0,0.3,50.64423
-35.0,0.35,59.84364914062502
-35.0,0.4,68.74009999999997
-35.0,0.45,77.03795601562513
-35.0,0.5,84.57375000000009
-35.0,0.55,91.32141476562506
-35.0,0.6,97.35212999999997
-35.0,0.65,102.7487753906253
-35.0,0.7,107.47499000000019
-35.0,0.75,111.1988378906253
-35.0,0.8,113.07107999999974
-34.0,0.0,0.0
-34.0,0.05,9.4849917190625
-34.0,0.1,17.288592020000003
-34.0,0.15,24.8954429465625
-34.0,0.2,32.98165328
-34.0,0.25,41.6766728515625
-34.0,0.3,50.78257458
-34.0,0.35,59.95074423406252
-34.0,0.4,68.81597791999997
-34.0,0.45,77.08798729406263
-34.0,0.5,84.60031250000009
-34.0,0.55,91.31664283156256
-34.0,0.6,97.29454511999998
-34.0,0.65,102.60659984656279
-34.0,0.7,107.21894498000019
-34.0,0.75,110.82722753906279
-34.0,0.8,112.64996287999973
-33.0,0.0,0.0
-33.0,0.05,9.4622936725
-33.0,0.1,17.32875404
-33.0,0.15,25.0051448775
-33.0,0.2,33.132716560000006
-33.0,0.25,41.834351562500004
-33.0,0.3,50.920919160000004
-33.0,0.35,60.05783932750002
-33.0,0.4,68.89185583999996
-33.0,0.45,77.13801857250013
-33.0,0.5,84.62687500000008
-33.0,0.55,91.31187089750006
-33.0,0.6,97.23696023999997
-33.0,0.65,102.46442430250028
-33.0,0.7,106.96289996000019
-33.0,0.75,110.45561718750028
-33.0,0.8,112.22884575999973
-32.0,0.0,0.0
-32.0,0.05,9.4395956259375
-32.0,0.1,17.36891606
-32.0,0.15,25.114846808437502
-32.0,0.2,33.28377984
-32.0,0.25,41.99203027343751
-32.0,0.3,51.05926374
-32.0,0.35,60.16493442093752
-32.0,0.4,68.96773375999997
-32.0,0.45,77.18804985093762
-32.0,0.5,84.65343750000008
-32.0,0.55,91.30709896343754
-32.0,0.6,97.17937535999998
-32.0,0.65,102.32224875843777
-32.0,0.7,106.70685494000017
-32.0,0.75,110.08400683593777
-32.0,0.8,111.80772863999974
-31.0,0.0,0.0
-31.0,0.05,9.416897579375
-31.0,0.1,17.40907808
-31.0,0.15,25.224548739375003
-31.0,0.2,33.434843120000004
-31.0,0.25,42.149708984375
-31.0,0.3,51.19760832
-31.0,0.35,60.27202951437502
-31.0,0.4,69.04361167999997
-31.0,0.45,77.23808112937512
-31.0,0.5,84.68000000000008
-31.0,0.55,91.30232702937504
-31.0,0.6,97.12179047999997
-31.0,0.65,102.18007321437526
-31.0,0.7,106.45080992000017
-31.0,0.75,109.71239648437526
-31.0,0.8,111.38661151999973
-30.0,0.0,0.0
-30.0,0.05,9.3941995328125
-30.0,0.1,17.4492401
-30.0,0.15,25.3342506703125
-30.0,0.2,33.585906400000006
-30.0,0.25,42.30738769531251
-30.0,0.3,51.3359529
-30.0,0.35,60.379124607812514
-30.0,0.4,69.11948959999998
-30.0,0.45,77.28811240781262
-30.0,0.5,84.70656250000008
-30.0,0.55,91.29755509531253
-30.0,0.6,97.06420559999998
-30.0,0.65,102.03789767031274
-30.0,0.7,106.19476490000017
-30.0,0.75,109.34078613281275
-30.0,0.8,110.96549439999973
-29.0,0.0,0.0
-29.0,0.05,9.37150148625
-29.0,0.1,17.48940212
-29.0,0.15,25.44395260125
-29.0,0.2,33.73696968
-29.0,0.25,42.46506640625
-29.0,0.3,51.47429748
-29.0,0.35,60.486219701250015
-29.0,0.4,69.19536751999998
-29.0,0.45,77.3381436862501
-29.0,0.5,84.73312500000007
-29.0,0.55,91.29278316125003
-29.0,0.6,97.00662071999999
-29.0,0.65,101.89572212625023
-29.0,0.7,105.93871988000016
-29.0,0.75,108.96917578125024
-29.0,0.8,110.54437727999972
-28.0,0.0,0.0
-28.0,0.05,9.3488034396875
-28.0,0.1,17.52956414
-28.0,0.15,25.5536545321875
-28.0,0.2,33.888032960000004
-28.0,0.25,42.622745117187506
-28.0,0.3,51.61264206
-28.0,0.35,60.593314794687515
-28.0,0.4,69.27124543999997
-28.0,0.45,77.38817496468761
-28.0,0.5,84.75968750000007
-28.0,0.55,91.28801122718752
-28.0,0.6,96.94903583999998
-28.0,0.65,101.75354658218772
-28.0,0.7,105.68267486000016
-28.0,0.75,108.59756542968773
-28.0,0.8,110.12326015999972
-27.0,0.0,0.0
-27.0,0.05,9.326105393125
-27.0,0.1,17.569726160000002
-27.0,0.15,25.663356463125
-27.0,0.2,34.039096240000006
-27.0,0.25,42.78042382812501
-27.0,0.3,51.75098664
-27.0,0.35,60.700409888125016
-27.0,0.4,69.34712335999998
-27.0,0.45,77.43820624312511
-27.0,0.5,84.78625000000007
-27.0,0.55,91.283239293125
-27.0,0.6,96.89145095999999
-27.0,0.65,101.61137103812521
-27.0,0.7,105.42662984000015
-27.0,0.75,108.22595507812522
-27.0,0.8,109.70214303999973
-26.0,0.0,0.0
-26.0,0.05,9.3034073465625
-26.0,0.1,17.609888180000002
-26.0,0.15,25.773058394062502
-26.0,0.2,34.19015952
-26.0,0.25,42.938102539062506
-26.0,0.3,51.889331219999995
-26.0,0.35,60.807504981562516
-26.0,0.4,69.42300127999998
-26.0,0.45,77.4882375215626
-26.0,0.5,84.81281250000006
-26.0,0.55,91.2784673590625
-26.0,0.6,96.83386607999998
-26.0,0.65,101.4691954940627
-26.0,0.7,105.17058482000014
-26.0,0.75,107.85434472656272
-26.0,0.8,109.28102591999972
-25.0,0.0,0.0
-25.0,0.05,9.2807093
-25.0,0.1,17.650050200000003
-25.0,0.15,25.882760325
-25.0,0.2,34.341222800000004
-25.0,0.25,43.09578125000001
-25.0,0.3,52.0276758
-25.0,0.35,60.91460007500002
-25.0,0.4,69.49887919999998
-25.0,0.45,77.5382688000001
-25.0,0.5,84.83937500000006
-25.0,0.55,91.273695425
-25.0,0.6,96.77628119999999
-25.0,0.65,101.32701995000019
-25.0,0.7,104.91453980000014
-25.0,0.75,107.4827343750002
-25.0,0.8,108.85990879999972
-24.0,0.0,0.0
-24.0,0.05,9.2580112534375
-24.0,0.1,17.690212220000003
-24.0,0.15,25.9924622559375
-24.0,0.2,34.49228608000001
-24.0,0.25,43.253459960937505
-24.0,0.3,52.16602038
-24.0,0.35,61.02169516843752
-24.0,0.4,69.57475711999999
-24.0,0.45,77.5883000784376
-24.0,0.5,84.86593750000006
-24.0,0.55,91.2689234909375
-24.0,0.6,96.71869631999999
-24.0,0.65,101.1848444059377
-24.0,0.7,104.65849478000014
-24.0,0.75,107.1111240234377
-24.0,0.8,108.43879167999971
-23.0,0.0,0.0
-23.0,0.05,9.235313206875
-23.0,0.1,17.730374240000003
-23.0,0.15,26.102164186875
-23.0,0.2,34.64334936
-23.0,0.25,43.41113867187501
-23.0,0.3,52.304364959999994
-23.0,0.35,61.12879026187501
-23.0,0.4,69.65063503999998
-23.0,0.45,77.63833135687509
-23.0,0.5,84.89250000000006
-23.0,0.55,91.26415155687499
-23.0,0.6,96.66111143999998
-23.0,0.65,101.04266886187519
-23.0,0.7,104.40244976000014
-23.0,0.75,106.73951367187519
-23.0,0.8,108.0176745599997
-22.0,0.0,0.0
-22.0,0.05,9.2126151603125
-22.0,0.1,17.770536260000004
-22.0,0.15,26.2118661178125
-22.0,0.2,34.794412640000004
-22.0,0.25,43.568817382812504
-22.0,0.3,52.442709539999996
-22.0,0.35,61.23588535531251
-22.0,0.4,69.72651295999998
-22.0,0.45,77.68836263531259
-22.0,0.5,84.91906250000005
-22.0,0.55,91.25937962281247
-22.0,0.6,96.60352655999999
-22.0,0.65,100.90049331781267
-22.0,0.7,104.14640474000012
-22.0,0.75,106.36790332031268
-22.0,0.8,107.59655743999971
-21.0,0.0,0.0
-21.0,0.05,9.18991711375
-21.0,0.1,17.810698280000004
-21.0,0.15,26.321568048750002
-21.0,0.2,34.94547592000001
-21.0,0.25,43.72649609375001
-21.0,0.3,52.58105412
-21.0,0.35,61.34298044875001
-21.0,0.4,69.80239087999999
-21.0,0.45,77.73839391375009
-21.0,0.5,84.94562500000005
-21.0,0.55,91.25460768874997
-21.0,0.6,96.54594167999998
-21.0,0.65,100.75831777375016
-21.0,0.7,103.89035972000012
-21.0,0.75,105.99629296875017
-21.0,0.8,107.17544031999971
-20.0,0.0,0.0
-20.0,0.05,9.1672190671875
-20.0,0.1,17.8508603
-20.0,0.15,26.4312699796875
-20.0,0.2,35.09653920000001
-20.0,0.25,43.884174804687504
-20.0,0.3,52.7193987
-20.0,0.35,61.45007554218751
-20.0,0.4,69.87826879999999
-20.0,0.45,77.78842519218759
-20.0,0.5,84.97218750000005
-20.0,0.55,91.24983575468747
-20.0,0.6,96.48835679999999
-20.0,0.65,100.61614222968765
-20.0,0.7,103.63431470000012
-20.0,0.75,105.62468261718766
-20.0,0.8,106.7543231999997
-19.0,0.0,0.0
-19.0,0.05,9.144521020625
-19.0,0.1,17.89102232
-19.0,0.15,26.540971910625
-19.0,0.2,35.247602480000005
-19.0,0.25,44.04185351562501
-19.0,0.3,52.857743279999994
-19.0,0.35,61.55717063562501
-19.0,0.4,69.95414671999998
-19.0,0.45,77.83845647062508
-19.0,0.5,84.99875000000006
-19.0,0.55,91.24506382062496
-19.0,0.6,96.43077192
-19.0,0.65,100.47396668562514
-19.0,0.7,103.37826968000012
-19.0,0.75,105.25307226562515
-19.0,0.8,106.3332060799997
-18.0,0.0,0.0
-18.0,0.05,9.1218229740625
-18.0,0.1,17.93118434
-18.0,0.15,26.6506738415625
-18.0,0.2,35.39866576000001
-18.0,0.25,44.19953222656251
-18.0,0.3,52.996087859999996
-18.0,0.35,61.664265729062514
-18.0,0.4,70.03002464
-18.0,0.45,77.88848774906258
-18.0,0.5,85.02531250000006
-18.0,0.55,91.24029188656246
-18.0,0.6,96.37318703999999
-18.0,0.65,100.33179114156263
-18.0,0.7,103.12222466000011
-18.0,0.75,104.88146191406264
-18.0,0.8,105.91208895999969
-17.0,0.0,0.0
-17.0,0.05,9.0991249275
-17.0,0.1,17.971346360000002
-17.0,0.15,26.7603757725
-17.0,0.2,35.54972904
-17.0,0.25,44.35721093750001
-17.0,0.3,53.13443244
-17.0,0.35,61.771360822500014
-17.0,0.4,70.10590255999999
-17.0,0.45,77.93851902750008
-17.0,0.5,85.05187500000005
-17.0,0.55,91.23551995249994
-17.0,0.6,96.31560216
-17.0,0.65,100.18961559750012
-17.0,0.7,102.8661796400001
-17.0,0.75,104.50985156250013
-17.0,0.8,105.4909718399997
-16.0,0.0,0.0
-16.0,0.05,9.0764268809375
-16.0,0.1,18.011508380000002
-16.0,0.15,26.870077703437502
-16.0,0.2,35.700792320000005
-16.0,0.25,44.51488964843751
-16.0,0.3,53.27277701999999
-16.0,0.35,61.87845591593751
-16.0,0.4,70.18178047999999
-16.0,0.45,77.98855030593757
-16.0,0.5,85.07843750000005
-16.0,0.55,91.23074801843744
-16.0,0.6,96.25801727999999
-16.0,0.65,100.04744005343761
-16.0,0.7,102.6101346200001
-16.0,0.75,104.13824121093762
-16.0,0.8,105.0698547199997
-15.0,0.0,0.0
-15.0,0.05,9.053728834375
-15.0,0.1,18.051670400000003
-15.0,0.15,26.979779634375003
-15.0,0.2,35.85185560000001
-15.0,0.25,44.672568359375006
-15.0,0.3,53.411121599999994
-15.0,0.35,61.98555100937501
-15.0,0.4,70.2576584
-15.0,0.45,78.03858158437507
-15.0,0.5,85.10500000000005
-15.0,0.55,91.22597608437493
-15.0,0.6,96.2004324
-15.0,0.65,99.90526450937512
-15.0,0.7,102.3540896000001
-15.0,0.75,103.76663085937511
-15.0,0.8,104.64873759999969
-14.0,0.0,0.0
-14.0,0.05,9.031030787812501
-14.0,0.1,18.091832420000003
-14.0,0.15,27.0894815653125
-14.0,0.2,36.00291888000001
-14.0,0.25,44.83024707031251
-14.0,0.3,53.549466179999996
-14.0,0.35,62.09264610281251
-14.0,0.4,70.33353632
-14.0,0.45,78.08861286281257
-14.0,0.5,85.13156250000004
-14.0,0.55,91.22120415031243
-14.0,0.6,96.14284752
-14.0,0.65,99.7630889653126
-14.0,0.7,102.09804458000009
-14.0,0.75,103.3950205078126
-14.0,0.8,104.22762047999969
-13.0,0.0,0.0
-13.0,0.05,9.008332741250001
-13.0,0.1,18.131994440000003
-13.0,0.15,27.19918349625
-13.0,0.2,36.153982160000005
-13.0,0.25,44.98792578125001
-13.0,0.3,53.68781075999999
-13.0,0.35,62.19974119625001
-13.0,0.4,70.40941423999999
-13.0,0.45,78.13864414125005
-13.0,0.5,85.15812500000004
-13.0,0.55,91.21643221624993
-13.0,0.6,96.08526264
-13.0,0.65,99.6209134212501
-13.0,0.7,101.84199956000009
-13.0,0.75,103.0234101562501
-13.0,0.8,103.80650335999968
-12.0,0.0,0.0
-12.0,0.05,8.985634694687501
-12.0,0.1,18.172156460000004
-12.0,0.15,27.3088854271875
-12.0,0.2,36.30504544000001
-12.0,0.25,45.14560449218751
-12.0,0.3,53.82615533999999
-12.0,0.35,62.30683628968751
-12.0,0.4,70.48529216
-12.0,0.45,78.18867541968756
-12.0,0.5,85.18468750000004
-12.0,0.55,91.21166028218741
-12.0,0.6,96.02767776
-12.0,0.65,99.47873787718758
-12.0,0.7,101.58595454000007
-12.0,0.75,102.65179980468758
-12.0,0.8,103.38538623999969
-11.0,0.0,0.0
-11.0,0.05,8.962936648125
-11.0,0.1,18.212318480000004
-11.0,0.15,27.418587358125002
-11.0,0.2,36.45610872000001
-11.0,0.25,45.30328320312501
-11.0,0.3,53.964499919999994
-11.0,0.35,62.41393138312501
-11.0,0.4,70.56117008
-11.0,0.45,78.23870669812506
-11.0,0.5,85.21125000000004
-11.0,0.55,91.2068883481249
-11.0,0.6,95.97009288
-11.0,0.65,99.33656233312507
-11.0,0.7,101.32990952000007
-11.0,0.75,102.28018945312508
-11.0,0.8,102.96426911999968
-10.0,0.0,0.0
-10.0,0.05,8.9402386015625
-10.0,0.1,18.252480500000004
-10.0,0.15,27.528289289062503
-10.0,0.2,36.607172000000006
-10.0,0.25,45.46096191406251
-10.0,0.3,54.10284449999999
-10.0,0.35,62.52102647656251
-10.0,0.4,70.637048
-10.0,0.45,78.28873797656254
-10.0,0.5,85.23781250000003
-10.0,0.55,91.2021164140624
-10.0,0.6,95.912508
-10.0,0.65,99.19438678906256
-10.0,0.7,101.07386450000007
-10.0,0.75,101.90857910156257
-10.0,0.8,102.54315199999968
-9.0,0.0,0.0
-9.0,0.05,8.917540555
-9.0,0.1,18.292642520000005
-9.0,0.15,27.637991220000004
-9.0,0.2,36.75823528000001
-9.0,0.25,45.61864062500001
-9.0,0.3,54.24118907999999
-9.0,0.35,62.628121570000005
-9.0,0.4,70.71292592
-9.0,0.45,78.33876925500005
-9.0,0.5,85.26437500000003
-9.0,0.55,91.1973444799999
-9.0,0.6,95.85492312000001
-9.0,0.65,99.05221124500005
-9.0,0.7,100.81781948000007
-9.0,0.75,101.53696875000006
-9.0,0.8,102.12203487999967
-8.0,0.0,0.0
-8.0,0.05,8.8948425084375
-8.0,0.1,18.332804540000005
-8.0,0.15,27.7476931509375
-8.0,0.2,36.90929856000001
-8.0,0.25,45.77631933593751
-8.0,0.3,54.37953365999999
-8.0,0.35,62.735216663437505
-8.0,0.4,70.78880384
-8.0,0.45,78.38880053343755
-8.0,0.5,85.29093750000003
-8.0,0.55,91.1925725459374
-8.0,0.6,95.79733824
-8.0,0.65,98.91003570093754
-8.0,0.7,100.56177446000007
-8.0,0.75,101.16535839843755
-8.0,0.8,101.70091775999967
-7.0,0.0,0.0
-7.0,0.05,8.872144461875001
-7.0,0.1,18.372966560000005
-7.0,0.15,27.857395081875
-7.0,0.2,37.060361840000006
-7.0,0.25,45.93399804687501
-7.0,0.3,54.51787823999999
-7.0,0.35,62.842311756875006
-7.0,0.4,70.86468176000001
-7.0,0.45,78.43883181187503
-7.0,0.5,85.31750000000002
-7.0,0.55,91.18780061187488
-7.0,0.6,95.73975336000001
-7.0,0.65,98.76786015687503
-7.0,0.7,100.30572944000005
-7.0,0.75,100.79374804687504
-7.0,0.8,101.27980063999968
-6.0,0.0,0.0
-6.0,0.05,8.849446415312501
-6.0,0.1,18.413128580000002
-6.0,0.15,27.967097012812502
-6.0,0.2,37.21142512000001
-6.0,0.25,46.091676757812515
-6.0,0.3,54.65622281999999
-6.0,0.35,62.949406850312506
-6.0,0.4,70.94055968
-6.0,0.45,78.48886309031253
-6.0,0.5,85.34406250000002
-6.0,0.55,91.18302867781237
-6.0,0.6,95.68216848
-6.0,0.65,98.62568461281252
-6.0,0.7,100.04968442000005
-6.0,0.75,100.42213769531253
-6.0,0.8,100.85868351999967
-5.0,0.0,0.0
-5.0,0.05,8.826748368750001
-5.0,0.1,18.453290600000003
-5.0,0.15,28.076798943750003
-5.0,0.2,37.36248840000001
-5.0,0.25,46.24935546875001
-5.0,0.3,54.79456739999999
-5.0,0.35,63.05650194375001
-5.0,0.4,71.0164376
-5.0,0.45,78.53889436875004
-5.0,0.5,85.37062500000002
-5.0,0.55,91.17825674374987
-5.0,0.6,95.62458360000001
-5.0,0.65,98.48350906875001
-5.0,0.7,99.79363940000005
-5.0,0.75,100.05052734375002
-5.0,0.8,100.43756639999967
-4.0,0.0,0.0
-4.0,0.05,8.8040503221875
-4.0,0.1,18.493452620000003
-4.0,0.15,28.186500874687503
-4.0,0.2,37.513551680000006
-4.0,0.25,46.407034179687514
-4.0,0.3,54.932911979999986
-4.0,0.35,63.16359703718751
-4.0,0.4,71.09231552000001
-4.0,0.45,78.58892564718752
-4.0,0.5,85.39718750000002
-4.0,0.55,91.17348480968737
-4.0,0.6,95.56699872000002
-4.0,0.65,98.34133352468751
-4.0,0.7,99.53759438000004
-4.0,0.75,99.67891699218751
-4.0,0.8,100.01644927999966
-3.0,0.0,0.0
-3.0,0.05,8.781352275625
-3.0,0.1,18.533614640000003
-3.0,0.15,28.296202805625004
-3.0,0.2,37.66461496000001
-3.0,0.25,46.56471289062501
-3.0,0.3,55.07125655999999
-3.0,0.35,63.270692130625
-3.0,0.4,71.16819344000001
-3.0,0.45,78.63895692562502
-3.0,0.5,85.42375000000001
-3.0,0.55,91.16871287562486
-3.0,0.6,95.50941384000001
-3.0,0.65,98.199157980625
-3.0,0.7,99.28154936000004
-3.0,0.75,99.307306640625
-3.0,0.8,99.59533215999966
-2.0,0.0,0.0
-2.0,0.05,8.7586542290625
-2.0,0.1,18.573776660000004
-2.0,0.15,28.4059047365625
-2.0,0.2,37.81567824000001
-2.0,0.25,46.722391601562514
-2.0,0.3,55.20960113999999
-2.0,0.35,63.3777872240625
-2.0,0.4,71.24407136
-2.0,0.45,78.68898820406253
-2.0,0.5,85.45031250000001
-2.0,0.55,91.16394094156234
-2.0,0.6,95.45182896000001
-2.0,0.65,98.05698243656249
-2.0,0.7,99.02550434000003
-2.0,0.75,98.93569628906249
-2.0,0.8,99.17421503999967
-1.0,0.0,0.0
-1.0,0.05,8.7359561825
-1.0,0.1,18.613938680000004
-1.0,0.15,28.515606667500002
-1.0,0.2,37.96674152000001
-1.0,0.25,46.88007031250001
-1.0,0.3,55.347945719999984
-1.0,0.35,63.4848823175
-1.0,0.4,71.31994928000002
-1.0,0.45,78.73901948250001
-1.0,0.5,85.476875
-1.0,0.55,91.15916900749984
-1.0,0.6,95.39424408
-1.0,0.65,97.91480689249998
-1.0,0.7,98.76945932000002
-1.0,0.75,98.56408593749998
-1.0,0.8,98.75309791999966
0.0,0.0,0.0
0.0,0.05,8.713258135937501
0.0,0.1,18.654100700000004
0.0,0.15,28.625308598437503
0.0,0.2,38.11780480000001
0.0,0.25,47.03774902343751
0.0,0.3,55.486290299999986
0.0,0.35,63.5919774109375
0.0,0.4,71.39582720000001
0.0,0.45,78.78905076093751
0.0,0.5,85.5034375
0.0,0.55,91.15439707343734
0.0,0.6,95.33665920000001
0.0,0.65,97.77263134843747
0.0,0.7,98.51341430000002
0.0,0.75,98.19247558593747
0.0,0.8,98.33198079999966
1.0,0.0,0.0
1.0,0.05,9.069012522826089
1.0,0.1,19.106481460869567
1.0,0.15,29.091572129347828
1.0,0.2,38.590295234782616
1.0,0.25,47.52013926630436
1.0,0.3,55.96063888695651
1.0,0.35,64.009879325
1.0,0.4,71.6869367652174
1.0,0.45,78.8802547402174
1.0,0.5,85.34195652173914
1.0,0.55,90.72809351195637
1.0,0.6,94.68482963478263
1.0,0.65,96.98056172717389
1.0,0.7,97.68397593043481
1.0,0.75,97.38804008152171
1.0,0.8,97.47993210434747
2.0,0.0,0.0
2.0,0.05,9.424766909714675
2.0,0.1,19.558862221739133
2.0,0.15,29.557835660258156
2.0,0.2,39.06278566956523
2.0,0.25,48.00252950917121
2.0,0.3,56.43498747391303
2.0,0.35,64.4277812390625
2.0,0.4,71.9780463304348
2.0,0.45,78.97145871949729
2.0,0.5,85.18047554347825
2.0,0.55,90.30178995047541
2.0,0.6,94.03300006956523
2.0,0.65,96.18849210591031
2.0,0.7,96.8545375608696
2.0,0.75,96.58360457710594
2.0,0.8,96.62788340869528
3.0,0.0,0.0
3.0,0.05,9.780521296603261
3.0,0.1,20.0112429826087
3.0,0.15,30.02409919116848
3.0,0.2,39.53527610434783
3.0,0.25,48.48491975203805
3.0,0.3,56.909336060869556
3.0,0.35,64.84568315312501
3.0,0.4,72.26915589565218
3.0,0.45,79.06266269877717
3.0,0.5,85.01899456521738
3.0,0.55,89.87548638899445
3.0,0.6,93.38117050434785
3.0,0.65,95.39642248464673
3.0,0.7,96.0250991913044
3.0,0.75,95.77916907269017
3.0,0.8,95.77583471304308
4.0,0.0,0.0
4.0,0.05,10.13627568349185
4.0,0.1,20.463623743478266
4.0,0.15,30.490362722078807
4.0,0.2,40.007766539130444
4.0,0.25,48.9673099949049
4.0,0.3,57.38368464782608
4.0,0.35,65.2635850671875
4.0,0.4,72.56026546086956
4.0,0.45,79.15386667805706
4.0,0.5,84.8575135869565
4.0,0.55,89.44918282751348
4.0,0.6,92.72934093913047
4.0,0.65,94.60435286338317
4.0,0.7,95.1956608217392
4.0,0.75,94.9747335682744
4.0,0.8,94.9237860173909
5.0,0.0,0.0
5.0,0.05,10.492030070380437
5.0,0.1,20.91600450434783
5.0,0.15,30.956626252989132
5.0,0.2,40.48025697391305
5.0,0.25,49.44970023777175
5.0,0.3,57.8580332347826
5.0,0.35,65.68148698125
5.0,0.4,72.85137502608696
5.0,0.45,79.24507065733695
5.0,0.5,84.69603260869563
5.0,0.55,89.0228792660325
5.0,0.6,92.07751137391308
5.0,0.65,93.81228324211959
5.0,0.7,94.36622245217399
5.0,0.75,94.17029806385864
5.0,0.8,94.07173732173871
6.0,0.0,0.0
6.0,0.05,10.847784457269023
6.0,0.1,21.368385265217395
6.0,0.15,31.422889783899457
6.0,0.2,40.95274740869566
6.0,0.25,49.93209048063859
6.0,0.3,58.332381821739126
6.0,0.35,66.0993888953125
6.0,0.4,73.14248459130434
6.0,0.45,79.33627463661684
6.0,0.5,84.53455163043476
6.0,0.55,88.59657570455154
6.0,0.6,91.42568180869569
6.0,0.65,93.02021362085601
6.0,0.7,93.53678408260879
6.0,0.75,93.36586255944286
6.0,0.8,93.21968862608652
7.0,0.0,0.0
7.0,0.05,11.20353884415761
7.0,0.1,21.820766026086957
7.0,0.15,31.889153314809782
7.0,0.2,41.425237843478264
7.0,0.25,50.41448072350544
7.0,0.3,58.80673040869565
7.0,0.35,66.517290809375
7.0,0.4,73.43359415652172
7.0,0.45,79.42747861589672
7.0,0.5,84.37307065217388
7.0,0.55,88.17027214307058
7.0,0.6,90.7738522434783
7.0,0.65,92.22814399959243
7.0,0.7,92.70734571304358
7.0,0.75,92.5614270550271
7.0,0.8,92.36763993043434
8.0,0.0,0.0
8.0,0.05,11.559293231046198
8.0,0.1,22.273146786956524
8.0,0.15,32.35541684572011
8.0,0.2,41.89772827826087
8.0,0.25,50.89687096637229
8.0,0.3,59.28107899565217
8.0,0.35,66.9351927234375
8.0,0.4,73.72470372173912
8.0,0.45,79.5186825951766
8.0,0.5,84.21158967391301
8.0,0.55,87.74396858158961
8.0,0.6,90.12202267826092
8.0,0.65,91.43607437832885
8.0,0.7,91.87790734347837
8.0,0.75,91.75699155061133
8.0,0.8,91.51559123478214
9.0,0.0,0.0
9.0,0.05,11.915047617934786
9.0,0.1,22.72552754782609
9.0,0.15,32.82168037663044
9.0,0.2,42.370218713043485
9.0,0.25,51.37926120923913
9.0,0.3,59.7554275826087
9.0,0.35,67.3530946375
9.0,0.4,74.0158132869565
9.0,0.45,79.6098865744565
9.0,0.5,84.05010869565213
9.0,0.55,87.31766502010865
9.0,0.6,89.47019311304354
9.0,0.65,90.64400475706529
9.0,0.7,91.04846897391317
9.0,0.75,90.95255604619555
9.0,0.8,90.66354253912995
10.0,0.0,0.0
10.0,0.05,12.270802004823372
10.0,0.1,23.177908308695656
10.0,0.15,33.287943907540765
10.0,0.2,42.84270914782609
10.0,0.25,51.86165145210598
10.0,0.3,60.22977616956522
10.0,0.35,67.7709965515625
10.0,0.4,74.30692285217388
10.0,0.45,79.70109055373638
10.0,0.5,83.88862771739126
10.0,0.55,86.89136145862769
10.0,0.6,88.81836354782614
10.0,0.65,89.85193513580171
10.0,0.7,90.21903060434796
10.0,0.75,90.14812054177979
10.0,0.8,89.81149384347776
11.0,0.0,0.0
11.0,0.05,12.626556391711958
11.0,0.1,23.63028906956522
11.0,0.15,33.75420743845109
11.0,0.2,43.3151995826087
11.0,0.25,52.34404169497283
11.0,0.3,60.704124756521736
11.0,0.35,68.188898465625
11.0,0.4,74.59803241739128
11.0,0.45,79.79229453301626
11.0,0.5,83.72714673913039
11.0,0.55,86.46505789714672
11.0,0.6,88.16653398260875
11.0,0.65,89.05986551453813
11.0,0.7,89.38959223478275
11.0,0.75,89.34368503736403
11.0,0.8,88.95944514782558
12.0,0.0,0.0
12.0,0.05,12.982310778600546
12.0,0.1,24.082669830434785
12.0,0.15,34.220470969361415
12.0,0.2,43.787690017391306
12.0,0.25,52.82643193783967
12.0,0.3,61.17847334347826
12.0,0.35,68.6068003796875
12.0,0.4,74.88914198260866
12.0,0.45,79.88349851229616
12.0,0.5,83.5656657608695
12.0,0.55,86.03875433566574
12.0,0.6,87.51470441739137
12.0,0.65,88.26779589327455
12.0,0.7,88.56015386521756
12.0,0.75,88.53924953294825
12.0,0.8,88.10739645217338
13.0,0.0,0.0
13.0,0.05,13.338065165489132
13.0,0.1,24.535050591304348
13.0,0.15,34.68673450027174
13.0,0.2,44.26018045217391
13.0,0.25,53.30882218070652
13.0,0.3,61.65282193043478
13.0,0.35,69.02470229375
13.0,0.4,75.18025154782606
13.0,0.45,79.97470249157604
13.0,0.5,83.40418478260864
13.0,0.55,85.61245077418478
13.0,0.6,86.86287485217399
13.0,0.65,87.47572627201097
13.0,0.7,87.73071549565235
13.0,0.75,87.73481402853248
13.0,0.8,87.25534775652119
14.0,0.0,0.0
14.0,0.05,13.69381955237772
14.0,0.1,24.987431352173914
14.0,0.15,35.152998031182065
14.0,0.2,44.73267088695653
14.0,0.25,53.79121242357337
14.0,0.3,62.127170517391306
14.0,0.35,69.4426042078125
14.0,0.4,75.47136111304344
14.0,0.45,80.06590647085592
14.0,0.5,83.24270380434777
14.0,0.55,85.18614721270382
14.0,0.6,86.21104528695659
14.0,0.65,86.6836566507474
14.0,0.7,86.90127712608714
14.0,0.75,86.93037852411672
14.0,0.8,86.403299060869
15.0,0.0,0.0
15.0,0.05,14.049573939266306
15.0,0.1,25.43981211304348
15.0,0.15,35.61926156209239
15.0,0.2,45.20516132173913
15.0,0.25,54.27360266644021
15.0,0.3,62.60151910434783
15.0,0.35,69.860506121875
15.0,0.4,75.76247067826083
15.0,0.45,80.15711045013582
15.0,0.5,83.08122282608689
15.0,0.55,84.75984365122285
15.0,0.6,85.5592157217392
15.0,0.65,85.89158702948383
15.0,0.7,86.07183875652194
15.0,0.75,86.12594301970094
15.0,0.8,85.55125036521682
16.0,0.0,0.0
16.0,0.05,14.405328326154894
16.0,0.1,25.892192873913043
16.0,0.15,36.085525093002715
16.0,0.2,45.67765175652174
16.0,0.25,54.75599290930706
16.0,0.3,63.07586769130435
16.0,0.35,70.2784080359375
16.0,0.4,76.05358024347822
16.0,0.45,80.2483144294157
16.0,0.5,82.91974184782602
16.0,0.55,84.33354008974189
16.0,0.6,84.90738615652182
16.0,0.65,85.09951740822025
16.0,0.7,85.24240038695673
16.0,0.75,85.32150751528518
16.0,0.8,84.69920166956462
17.0,0.0,0.0
17.0,0.05,14.76108271304348
17.0,0.1,26.34457363478261
17.0,0.15,36.55178862391304
17.0,0.2,46.15014219130435
17.0,0.25,55.23838315217391
17.0,0.3,63.550216278260876
17.0,0.35,70.69630995
17.0,0.4,76.3446898086956
17.0,0.45,80.33951840869558
17.0,0.5,82.75826086956513
17.0,0.55,83.90723652826092
17.0,0.6,84.25555659130444
17.0,0.65,84.30744778695667
17.0,0.7,84.41296201739152
17.0,0.75,84.51707201086941
17.0,0.8,83.84715297391243
18.0,0.0,0.0
18.0,0.05,15.116837099932068
18.0,0.1,26.796954395652175
18.0,0.15,37.018052154823366
18.0,0.2,46.622632626086954
18.0,0.25,55.72077339504075
18.0,0.3,64.0245648652174
18.0,0.35,71.1142118640625
18.0,0.4,76.63579937391299
18.0,0.45,80.43072238797546
18.0,0.5,82.59677989130427
18.0,0.55,83.48093296677996
18.0,0.6,83.60372702608704
18.0,0.65,83.5153781656931
18.0,0.7,83.58352364782633
18.0,0.75,83.71263650645363
18.0,0.8,82.99510427826024
19.0,0.0,0.0
19.0,0.05,16.895609034375003
19.0,0.1,29.0588582
19.0,0.15,39.349369809375
19.0,0.2,48.985084799999996
19.0,0.25,58.13272460937499
19.0,0.3,66.39630780000002
19.0,0.35,73.203721434375
19.0,0.4,78.09134719999993
19.0,0.45,80.8867422843749
19.0,0.5,81.7893749999999
19.0,0.55,81.34941515937513
19.0,0.6,80.34457920000011
19.0,0.65,79.55503005937521
19.0,0.7,79.43633180000029
19.0,0.75,79.6904589843748
19.0,0.8,78.7348607999993
20.0,0.0,0.0
20.0,0.05,15.828345873709242
20.0,0.1,27.701715917391304
20.0,0.15,37.95057921664402
20.0,0.2,47.56761349565217
20.0,0.25,56.68555388077445
20.0,0.3,64.97326203913045
20.0,0.35,71.95001569218749
20.0,0.4,77.21801850434777
20.0,0.45,80.61313034653524
20.0,0.5,82.27381793478251
20.0,0.55,82.62832584381802
20.0,0.6,82.30006789565228
20.0,0.65,81.93123892316595
20.0,0.7,81.9246469086959
20.0,0.75,82.1037654976221
20.0,0.8,81.29100688695587
21.0,0.0,0.0
21.0,0.05,16.18410026059783
21.0,0.1,28.15409667826087
21.0,0.15,38.41684274755435
21.0,0.2,48.04010393043478
21.0,0.25,57.1679441236413
21.0,0.3,65.44761062608697
21.0,0.35,72.36791760625
21.0,0.4,77.50912806956515
21.0,0.45,80.70433432581513
21.0,0.5,82.11233695652164
21.0,0.55,82.20202228233705
21.0,0.6,81.64823833043489
21.0,0.65,81.13916930190237
21.0,0.7,81.0952085391307
21.0,0.75,81.29932999320634
21.0,0.8,80.43895819130367
22.0,0.0,0.0
22.0,0.05,16.539854647486415
22.0,0.1,28.606477439130433
22.0,0.15,38.88310627846467
22.0,0.2,48.51259436521739
22.0,0.25,57.65033436650814
22.0,0.3,65.9219592130435
22.0,0.35,72.7858195203125
22.0,0.4,77.80023763478255
22.0,0.45,80.79553830509502
22.0,0.5,81.95085597826076
22.0,0.55,81.77571872085609
22.0,0.6,80.9964087652175
22.0,0.65,80.34709968063879
22.0,0.7,80.2657701695655
22.0,0.75,80.49489448879056
22.0,0.8,79.58690949565148
23.0,0.0,0.0
23.0,0.05,16.895609034375003
23.0,0.1,29.0588582
23.0,0.15,39.349369809375
23.0,0.2,48.985084799999996
23.0,0.25,58.13272460937499
23.0,0.3,66.39630780000002
23.0,0.35,73.203721434375
23.0,0.4,78.09134719999993
23.0,0.45,80.8867422843749
23.0,0.5,81.7893749999999
23.0,0.55,81.34941515937513
23.0,0.6,80.34457920000011
23.0,0.65,79.55503005937521
23.0,0.7,79.43633180000029
23.0,0.75,79.6904589843748
23.0,0.8,78.7348607999993
24.0,0.0,0.0
24.0,0.05,17.11540482011089
24.0,0.1,29.261151551612905
24.0,0.15,39.42062717736895
24.0,0.2,48.88930317419354
24.0,0.25,57.87739840599797
24.0,0.3,66.00883628709678
24.0,0.35,72.7164962156754
24.0,0.4,77.53375927741928
24.0,0.45,80.28234821930434
24.0,0.5,81.15646169354828
24.0,0.55,80.70320277172391
24.0,0.6,79.69930172903236
24.0,0.65,78.92413309874016
24.0,0.7,78.8290269967745
24.0,0.75,79.10287471648167
24.0,0.8,78.13402859354767
25.0,0.0,0.0
25.0,0.05,17.335200605846776
25.0,0.1,29.463444903225806
25.0,0.15,39.4918845453629
25.0,0.2,48.79352154838709
25.0,0.25,57.622072202620956
25.0,0.3,65.62136477419357
25.0,0.35,72.2292709969758
25.0,0.4,76.97617135483864
25.0,0.45,79.67795415423377
25.0,0.5,80.52354838709667
25.0,0.55,80.05699038407269
25.0,0.6,79.0540242580646
25.0,0.65,78.29323613810509
25.0,0.7,78.22172219354869
25.0,0.75,78.51529044858853
25.0,0.8,77.53319638709604
26.0,0.0,0.0
26.0,0.05,17.554996391582662
26.0,0.1,29.665738254838708
26.0,0.15,39.56314191335685
26.0,0.2,48.69773992258064
26.0,0.25,57.36674599924394
26.0,0.3,65.23389326129033
26.0,0.35,71.7420457782762
26.0,0.4,76.418583432258
26.0,0.45,79.07356008916321
26.0,0.5,79.89063508064505
26.0,0.55,79.41077799642149
26.0,0.6,78.40874678709686
26.0,0.65,77.66233917747003
26.0,0.7,77.6144173903229
26.0,0.75,77.9277061806954
26.0,0.8,76.93236418064443
27.0,0.0,0.0
27.0,0.05,17.774792177318552
27.0,0.1,29.868031606451613
27.0,0.15,39.6343992813508
27.0,0.2,48.601958296774185
27.0,0.25,57.11141979586692
27.0,0.3,64.84642174838712
27.0,0.35,71.25482055957661
27.0,0.4,75.86099550967734
27.0,0.45,78.46916602409266
27.0,0.5,79.25772177419344
27.0,0.55,78.76456560877028
27.0,0.6,77.7634693161291
27.0,0.65,77.03144221683496
27.0,0.7,77.0071125870971
27.0,0.75,77.34012191280226
27.0,0.8,76.3315319741928
28.0,0.0,0.0
28.0,0.05,17.994587963054435
28.0,0.1,30.070324958064518
28.0,0.15,39.70565664934475
28.0,0.2,48.50617667096774
28.0,0.25,56.85609359248991
28.0,0.3,64.45895023548388
28.0,0.35,70.76759534087701
28.0,0.4,75.3034075870967
28.0,0.45,77.8647719590221
28.0,0.5,78.62480846774183
28.0,0.55,78.11835322111907
28.0,0.6,77.11819184516136
28.0,0.65,76.4005452561999
28.0,0.7,76.3998077838713
28.0,0.75,76.75253764490913
28.0,0.8,75.73069976774119
29.0,0.0,0.0
29.0,0.05,18.214383748790326
29.0,0.1,30.27261830967742
29.0,0.15,39.776914017338704
29.0,0.2,48.41039504516129
29.0,0.25,56.60076738911289
29.0,0.3,64.07147872258065
29.0,0.35,70.28037012217742
29.0,0.4,74.74581966451606
29.0,0.45,77.26037789395153
29.0,0.5,77.99189516129022
29.0,0.55,77.47214083346785
29.0,0.6,76.4729143741936
29.0,0.65,75.76964829556485
29.0,0.7,75.79250298064551
29.0,0.75,76.16495337701599
29.0,0.8,75.12986756128956
30.0,0.0,0.0
30.0,0.05,18.434179534526212
30.0,0.1,30.47491166129032
30.0,0.15,39.848171385332655
30.0,0.2,48.314613419354835
30.0,0.25,56.34544118573588
30.0,0.3,63.68400720967743
30.0,0.35,69.79314490347781
30.0,0.4,74.18823174193541
30.0,0.45,76.65598382888096
30.0,0.5,77.35898185483862
30.0,0.55,76.82592844581664
30.0,0.6,75.82763690322585
30.0,0.65,75.1387513349298
30.0,0.7,75.18519817741971
30.0,0.75,75.57736910912286
30.0,0.8,74.52903535483793
31.0,0.0,0.0
31.0,0.05,18.6539753202621
31.0,0.1,30.677205012903226
31.0,0.15,39.91942875332661
31.0,0.2,48.21883179354838
31.0,0.25,56.09011498235886
31.0,0.3,63.29653569677421
31.0,0.35,69.30591968477822
31.0,0.4,73.63064381935476
31.0,0.45,76.0515897638104
31.0,0.5,76.72606854838699
31.0,0.55,76.17971605816543
31.0,0.6,75.1823594322581
31.0,0.65,74.50785437429474
31.0,0.7,74.5778933741939
31.0,0.75,74.98978484122972
31.0,0.8,73.9282031483863
32.0,0.0,0.0
32.0,0.05,18.873771105997985
32.0,0.1,30.87949836451613
32.0,0.15,39.990686121320564
32.0,0.2,48.12305016774193
32.0,0.25,55.834788778981846
32.0,0.3,62.90906418387098
32.0,0.35,68.81869446607863
32.0,0.4,73.07305589677412
32.0,0.45,75.44719569873985
32.0,0.5,76.09315524193539
32.0,0.55,75.53350367051422
32.0,0.6,74.53708196129034
32.0,0.65,73.87695741365967
32.0,0.7,73.97058857096812
32.0,0.75,74.40220057333659
32.0,0.8,73.32737094193467
33.0,0.0,0.0
33.0,0.05,19.09356689173387
33.0,0.1,31.081791716129032
33.0,0.15,40.061943489314515
33.0,0.2,48.02726854193548
33.0,0.25,55.57946257560483
33.0,0.3,62.52159267096775
33.0,0.35,68.33146924737903
33.0,0.4,72.51546797419347
33.0,0.45,74.84280163366928
33.0,0.5,75.46024193548377
33.0,0.55,74.887291282863
33.0,0.6,73.89180449032258
33.0,0.65,73.2460604530246
33.0,0.7,73.36328376774232
33.0,0.75,73.81461630544345
33.0,0.8,72.72653873548305
34.0,0.0,0.0
34.0,0.05,19.31336267746976
34.0,0.1,31.284085067741934
34.0,0.15,40.133200857308466
34.0,0.2,47.931486916129025
34.0,0.25,55.32413637222781
34.0,0.3,62.13412115806453
34.0,0.35,67.84424402867943
34.0,0.4,71.95788005161282
34.0,0.45,74.23840756859872
34.0,0.5,74.82732862903217
34.0,0.55,74.24107889521179
34.0,0.6,73.24652701935484
34.0,0.65,72.61516349238954
34.0,0.7,72.75597896451652
34.0,0.75,73.22703203755032
34.0,0.8,72.12570652903143
35.0,0.0,0.0
35.0,0.05,19.533158463205645
35.0,0.1,31.48637841935484
35.0,0.15,40.20445822530242
35.0,0.2,47.83570529032258
35.0,0.25,55.068810168850796
35.0,0.3,61.7466496451613
35.0,0.35,67.35701880997983
35.0,0.4,71.40029212903218
35.0,0.45,73.63401350352815
35.0,0.5,74.19441532258054
35.0,0.55,73.59486650756058
35.0,0.6,72.60124954838709
35.0,0.65,71.98426653175449
35.0,0.7,72.14867416129073
35.0,0.75,72.63944776965718
35.0,0.8,71.5248743225798
36.0,0.0,0.0
36.0,0.05,19.752954248941535
36.0,0.1,31.688671770967744
36.0,0.15,40.27571559329637
36.0,0.2,47.73992366451613
36.0,0.25,54.81348396547378
36.0,0.3,61.35917813225807
36.0,0.35,66.86979359128023
36.0,0.4,70.84270420645153
36.0,0.45,73.02961943845759
36.0,0.5,73.56150201612894
36.0,0.55,72.94865411990936
36.0,0.6,71.95597207741933
36.0,0.65,71.35336957111943
36.0,0.7,71.54136935806493
36.0,0.75,72.05186350176405
36.0,0.8,70.92404211612818
37.0,0.0,0.0
37.0,0.05,19.97275003467742
37.0,0.1,31.890965122580646
37.0,0.15,40.34697296129032
37.0,0.2,47.644142038709674
37.0,0.25,54.55815776209677
37.0,0.3,60.97170661935485
37.0,0.35,66.38256837258064
37.0,0.4,70.28511628387088
37.0,0.45,72.42522537338704
37.0,0.5,72.92858870967731
37.0,0.55,72.30244173225816
37.0,0.6,71.31069460645159
37.0,0.65,70.72247261048437
37.0,0.7,70.93406455483913
37.0,0.75,71.46427923387091
37.0,0.8,70.32320990967656
38.0,0.0,0.0
38.0,0.05,20.192545820413308
38.0,0.1,32.09325847419355
38.0,0.15,40.41823032928427
38.0,0.2,47.54836041290322
38.0,0.25,54.30283155871975
38.0,0.3,60.584235106451615
38.0,0.35,65.89534315388104
38.0,0.4,69.72752836129024
38.0,0.45,71.82083130831646
38.0,0.5,72.29567540322572
38.0,0.55,71.65622934460694
38.0,0.6,70.66541713548384
38.0,0.65,70.0915756498493
38.0,0.7,70.32675975161334
38.0,0.75,70.87669496597778
38.0,0.8,69.72237770322494
39.0,0.0,0.0
39.0,0.05,20.412341606149194
39.0,0.1,32.295551825806456
39.0,0.15,40.48948769727822
39.0,0.2,47.45257878709677
39.0,0.25,54.047505355342736
39.0,0.3,60.1967635935484
39.0,0.35,65.40811793518144
39.0,0.4,69.16994043870959
39.0,0.45,71.2164372432459
39.0,0.5,71.66276209677409
39.0,0.55,71.01001695695572
39.0,0.6,70.02013966451608
39.0,0.65,69.46067868921425
39.0,0.7,69.71945494838754
39.0,0.75,70.28911069808464
39.0,0.8,69.12154549677331
40.0,0.0,0.0
40.0,0.05,20.63213739188508
40.0,0.1,32.49784517741936
40.0,0.15,40.56074506527217
40.0,0.2,47.35679716129032
40.0,0.25,53.79217915196572
40.0,0.3,59.809292080645164
40.0,0.35,64.92089271648184
40.0,0.4,68.61235251612894
40.0,0.45,70.61204317817534
40.0,0.5,71.02984879032249
40.0,0.55,70.36380456930452
40.0,0.6,69.37486219354832
40.0,0.65,68.82978172857918
40.0,0.7,69.11215014516173
40.0,0.75,69.7015264301915
40.0,0.8,68.52071329032168
41.0,0.0,0.0
41.0,0.05,20.85193317762097
41.0,0.1,32.70013852903226
41.0,0.15,40.63200243326612
41.0,0.2,47.261015535483864
41.0,0.25,53.5368529485887
41.0,0.3,59.42182056774194
41.0,0.35,64.43366749778225
41.0,0.4,68.0547645935483
41.0,0.45,70.00764911310478
41.0,0.5,70.39693548387086
41.0,0.55,69.71759218165332
41.0,0.6,68.72958472258058
41.0,0.65,68.19888476794412
41.0,0.7,68.50484534193593
41.0,0.75,69.11394216229837
41.0,0.8,67.91988108387007
42.0,0.0,0.0
42.0,0.05,21.071728963356854
42.0,0.1,32.90243188064516
42.0,0.15,40.703259801260074
42.0,0.2,47.16523390967741
42.0,0.25,53.281526745211686
42.0,0.3,59.034349054838714
42.0,0.35,63.946442279082646
42.0,0.4,67.49717667096765
42.0,0.45,69.40325504803421
42.0,0.5,69.76402217741926
42.0,0.55,69.0713797940021
42.0,0.6,68.08430725161283
42.0,0.65,67.56798780730907
42.0,0.7,67.89754053871013
42.0,0.75,68.52635789440524
42.0,0.8,67.31904887741844
43.0,0.0,0.0
43.0,0.05,21.291524749092744
43.0,0.1,33.10472523225806
43.0,0.15,40.774517169254025
43.0,0.2,47.069452283870966
43.0,0.25,53.02620054183467
43.0,0.3,58.64687754193549
43.0,0.35,63.459217060383054
43.0,0.4,66.939588748387
43.0,0.45,68.79886098296365
43.0,0.5,69.13110887096765
43.0,0.55,68.42516740635088
43.0,0.6,67.43902978064507
43.0,0.65,66.93709084667401
43.0,0.7,67.29023573548434
43.0,0.75,67.9387736265121
43.0,0.8,66.71821667096681
44.0,0.0,0.0
44.0,0.05,21.51132053482863
44.0,0.1,33.30701858387097
44.0,0.15,40.845774537247976
44.0,0.2,46.97367065806451
44.0,0.25,52.77087433845766
44.0,0.3,58.25940602903226
44.0,0.35,62.971991841683455
44.0,0.4,66.38200082580636
44.0,0.45,68.1944669178931
44.0,0.5,68.49819556451604
44.0,0.55,67.77895501869968
44.0,0.6,66.79375230967733
44.0,0.65,66.30619388603894
44.0,0.7,66.68293093225854
44.0,0.75,67.35118935861897
44.0,0.8,66.1173844645152
45.0,0.0,0.0
45.0,0.05,21.731116320564517
45.0,0.1,33.50931193548387
45.0,0.15,40.91703190524193
45.0,0.2,46.87788903225806
45.0,0.25,52.51554813508064
45.0,0.3,57.87193451612903
45.0,0.35,62.484766622983855
45.0,0.4,65.8244129032257
45.0,0.45,67.59007285282253
45.0,0.5,67.86528225806443
45.0,0.55,67.13274263104846
45.0,0.6,66.14847483870957
45.0,0.65,65.67529692540388
45.0,0.7,66.07562612903274
45.0,0.75,66.76360509072583
45.0,0.8,65.51655225806357
46.0,0.0,0.0
46.0,0.05,21.950912106300404
46.0,0.1,33.71160528709677
46.0,0.15,40.98828927323588
46.0,0.2,46.78210740645161
46.0,0.25,52.260221931703626
46.0,0.3,57.48446300322581
46.0,0.35,61.99754140428426
46.0,0.4,65.26682498064507
46.0,0.45,66.98567878775197
46.0,0.5,67.23236895161281
46.0,0.55,66.48653024339725
46.0,0.6,65.50319736774182
46.0,0.65,65.04439996476881
46.0,0.7,65.46832132580695
46.0,0.75,66.1760208228327
46.0,0.8,64.91572005161194
47.0,0.0,0.0
47.0,0.05,22.17070789203629
47.0,0.1,33.91389863870968
47.0,0.15,41.059546641229836
47.0,0.2,46.686325780645156
47.0,0.25,52.00489572832661
47.0,0.3,57.09699149032258
47.0,0.35,61.510316185584664
47.0,0.4,64.70923705806442
47.0,0.45,66.3812847226814
47.0,0.5,66.5994556451612
47.0,0.55,65.84031785574604
47.0,0.6,64.85791989677406
47.0,0.65,64.41350300413376
47.0,0.7,64.86101652258115
47.0,0.75,65.58843655493956
47.0,0.8,64.31488784516031
48.0,0.0,0.0
48.0,0.05,22.39050367777218
48.0,0.1,34.116191990322584
48.0,0.15,41.13080400922379
48.0,0.2,46.5905441548387
48.0,0.25,51.74956952494959
48.0,0.3,56.709519977419355
48.0,0.35,61.023090966885064
48.0,0.4,64.15164913548378
48.0,0.45,65.77689065761083
48.0,0.5,65.96654233870959
48.0,0.55,65.19410546809482
48.0,0.6,64.21264242580631
48.0,0.65,63.7826060434987
48.0,0.7,64.25371171935535
48.0,0.75,65.00085228704643
48.0,0.8,63.71405563870869
49.0,0.0,0.0
49.0,0.05,22.610299463508067
49.0,0.1,34.318485341935485
49.0,0.15,41.20206137721774
49.0,0.2,46.49476252903225
49.0,0.25,51.494243321572576
49.0,0.3,56.32204846451613
49.0,0.35,60.53586574818547
49.0,0.4,63.59406121290313
49.0,0.45,65.17249659254028
49.0,0.5,65.33362903225797
49.0,0.55,64.54789308044361
49.0,0.6,63.56736495483857
49.0,0.65,63.15170908286364
49.0,0.7,63.64640691612956
49.0,0.75,64.41326801915329
49.0,0.8,63.11322343225707
50.0,0.0,0.0
50.0,0.05,22.830095249243954
50.0,0.1,34.52077869354839
50.0,0.15,41.27331874521169
50.0,0.2,46.398980903225805
50.0,0.25,51.23891711819556
50.0,0.3,55.934576951612904
50.0,0.35,60.04864052948587
50.0,0.4,63.036473290322476
50.0,0.45,64.56810252746972
50.0,0.5,64.70071572580636
50.0,0.55,63.9016806927924
50.0,0.6,62.92208748387081
50.0,0.65,62.52081212222858
50.0,0.7,63.03910211290376
50.0,0.75,63.82568375126016
50.0,0.8,62.512391225805445
51.0,0.0,0.0
51.0,0.05,23.04989103497984
51.0,0.1,34.72307204516129
51.0,0.15,41.34457611320564
51.0,0.2,46.30319927741935
51.0,0.25,50.98359091481855
51.0,0.3,55.54710543870968
51.0,0.35,59.56141531078627
51.0,0.4,62.47888536774183
51.0,0.45,63.963708462399154
51.0,0.5,64.06780241935475
51.0,0.55,63.25546830514119
51.0,0.6,62.276810012903056
51.0,0.65,61.88991516159352
51.0,0.7,62.43179730967796
51.0,0.75,63.23809948336702
51.0,0.8,61.91155901935382
52.0,0.0,0.0
52.0,0.05,23.269686820715727
52.0,0.1,34.9253653967742
52.0,0.15,41.41583348119959
52.0,0.2,46.2074176516129
52.0,0.25,50.728264711441525
52.0,0.3,55.159633925806446
52.0,0.35,59.07419009208668
52.0,0.4,61.92129744516119
52.0,0.45,63.35931439732859
52.0,0.5,63.434889112903136
52.0,0.55,62.609255917489975
52.0,0.6,61.63153254193531
52.0,0.65,61.25901820095846
52.0,0.7,61.82449250645217
52.0,0.75,62.65051521547389
52.0,0.8,61.310726812902196
53.0,0.0,0.0
53.0,0.05,23.489482606451613
53.0,0.1,35.1276587483871
53.0,0.15,41.48709084919354
53.0,0.2,46.11163602580645
53.0,0.25,50.472938508064516
53.0,0.3,54.77216241290322
53.0,0.35,58.58696487338708
53.0,0.4,61.363709522580535
53.0,0.45,62.754920332258024
53.0,0.5,62.80197580645152
53.0,0.55,61.963043529838764
53.0,0.6,60.98625507096756
53.0,0.65,60.628121240323395
53.0,0.7,61.21718770322637
53.0,0.75,62.06293094758075
53.0,0.8,60.709894606450575
54.0,0.0,0.0
54.0,0.05,23.7092783921875
54.0,0.1,35.3299521
54.0,0.15,41.55834821718749
54.0,0.2,46.015854399999995
54.0,0.25,50.2176123046875
54.0,0.3,54.384690899999995
54.0,0.35,58.09973965468748
54.0,0.4,60.80612159999989
54.0,0.45,62.150526267187466
54.0,0.5,62.16906249999991
54.0,0.55,61.31683114218755
54.0,0.6,60.3409775999998
54.0,0.65,59.99722427968834
54.0,0.7,60.60988290000057
54.0,0.75,61.47534667968762
54.0,0.8,60.10906239999895
55.0,0.0,0.0
55.0,0.05,23.92907417792339
55.0,0.1,35.53224545161291
55.0,0.15,41.629605585181444
55.0,0.2,45.92007277419354
55.0,0.25,49.96228610131048
55.0,0.3,53.99721938709677
55.0,0.35,57.61251443598788
55.0,0.4,60.248533677419246
55.0,0.45,61.5461322021169
55.0,0.5,61.5361491935483
55.0,0.55,60.670618754536335
55.0,0.6,59.69570012903205
55.0,0.65,59.366327319053276
55.0,0.7,60.00257809677477
55.0,0.75,60.88776241179448
55.0,0.8,59.50823019354732
56.0,0.0,0.0
56.0,0.05,24.148869963659276
56.0,0.1,35.73453880322581
56.0,0.15,41.700862953175395
56.0,0.2,45.82429114838709
56.0,0.25,49.706959897933466
56.0,0.3,53.609747874193545
56.0,0.35,57.125289217288284
56.0,0.4,59.690945754838594
56.0,0.45,60.94173813704634
56.0,0.5,60.903235887096685
56.0,0.55,60.02440636688513
56.0,0.6,59.0504226580643
56.0,0.65,58.73543035841821
56.0,0.7,59.395273293548975
56.0,0.75,60.30017814390135
56.0,0.8,58.9073979870957
57.0,0.0,0.0
57.0,0.05,24.368665749395163
57.0,0.1,35.93683215483871
57.0,0.15,41.772120321169346
57.0,0.2,45.72850952258064
57.0,0.25,49.45163369455645
57.0,0.3,53.22227636129031
57.0,0.35,56.63806399858869
57.0,0.4,59.13335783225796
57.0,0.45,60.33734407197578
57.0,0.5,60.27032258064507
57.0,0.55,59.37819397923391
57.0,0.6,58.40514518709655
57.0,0.65,58.10453339778316
57.0,0.7,58.78796849032318
57.0,0.75,59.712593876008214
57.0,0.8,58.30656578064408
58.0,0.0,0.0
58.0,0.05,24.58846153513105
58.0,0.1,36.13912550645161
58.0,0.15,41.8433776891633
58.0,0.2,45.632727896774185
58.0,0.25,49.19630749117943
58.0,0.3,52.834804848387094
58.0,0.35,56.15083877988909
58.0,0.4,58.575769909677305
58.0,0.45,59.73295000690521
58.0,0.5,59.63740927419346
58.0,0.55,58.7319815915827
58.0,0.6,57.759867716128795
58.0,0.65,57.4736364371481
58.0,0.7,58.18066368709738
58.0,0.75,59.12500960811508
58.0,0.8,57.70573357419245
59.0,0.0,0.0
59.0,0.05,24.808257320866936
59.0,0.1,36.341418858064515
59.0,0.15,41.91463505715725
59.0,0.2,45.53694627096774
59.0,0.25,48.940981287802416
59.0,0.3,52.44733333548386
59.0,0.35,55.66361356118949
59.0,0.4,58.01818198709666
59.0,0.45,59.128555941834655
59.0,0.5,59.004495967741846
59.0,0.55,58.08576920393149
59.0,0.6,57.11459024516104
59.0,0.65,56.84273947651303
59.0,0.7,57.573358883871585
59.0,0.75,58.537425340221944
59.0,0.8,57.10490136774082
60.0,0.0,0.0
60.0,0.05,25.028053106602822
60.0,0.1,36.54371220967742
60.0,0.15,41.9858924251512
60.0,0.2,45.44116464516129
60.0,0.25,48.685655084425406
60.0,0.3,52.059861822580636
60.0,0.35,55.1763883424899
60.0,0.4,57.460594064516016
60.0,0.45,58.52416187676409
60.0,0.5,58.37158266129023
60.0,0.55,57.43955681628028
60.0,0.6,56.46931277419329
60.0,0.65,56.211842515877976
60.0,0.7,56.96605408064579
60.0,0.75,57.94984107232881
60.0,0.8,56.5040691612892
61.0,0.0,0.0
61.0,0.05,25.24784889233871
61.0,0.1,36.746005561290325
61.0,0.15,42.05714979314515
61.0,0.2,45.345383019354834
61.0,0.25,48.43032888104839
61.0,0.3,51.67239030967741
61.0,0.35,54.6891631237903
61.0,0.4,56.903006141935364
61.0,0.45,57.91976781169353
61.0,0.5,57.73866935483862
61.0,0.55,56.79334442862907
61.0,0.6,55.82403530322554
61.0,0.65,55.58094555524292
61.0,0.7,56.35874927741999
61.0,0.75,57.362256804435674
61.0,0.8,55.90323695483758
62.0,0.0,0.0
62.0,0.05,25.4676446780746
62.0,0.1,36.948298912903226
62.0,0.15,42.12840716113911
62.0,0.2,45.24960139354838
62.0,0.25,48.17500267767137
62.0,0.3,51.284918796774186
62.0,0.35,54.2019379050907
62.0,0.4,56.34541821935472
62.0,0.45,57.31537374662297
62.0,0.5,57.10575604838701
62.0,0.55,56.14713204097785
62.0,0.6,55.17875783225779
62.0,0.65,54.95004859460786
62.0,0.7,55.751444474194194
62.0,0.75,56.77467253654254
62.0,0.8,55.30240474838595
63.0,0.0,0.0
63.0,0.05,25.687440463810486
63.0,0.1,37.150592264516135
63.0,0.15,42.19966452913306
63.0,0.2,45.15381976774193
63.0,0.25,47.919676474294356
63.0,0.3,50.89744728387096
63.0,0.35,53.71471268639111
63.0,0.4,55.787830296774075
63.0,0.45,56.7109796815524
63.0,0.5,56.472842741935395
63.0,0.55,55.50091965332665
63.0,0.6,54.53348036129004
63.0,0.65,54.319151633972794
63.0,0.7,55.14413967096839
63.0,0.75,56.187088268649404
63.0,0.8,54.70157254193433
64.0,0.0,0.0
64.0,0.05,25.907236249546372
64.0,0.1,37.352885616129036
64.0,0.15,42.27092189712701
64.0,0.2,45.05803814193548
64.0,0.25,47.66435027091734
64.0,0.3,50.50997577096773
64.0,0.35,53.22748746769151
64.0,0.4,55.23024237419342
64.0,0.45,56.10658561648184
64.0,0.5,55.83992943548379
64.0,0.55,54.85470726567543
64.0,0.6,53.88820289032228
64.0,0.65,53.68825467333774
64.0,0.7,54.5368348677426
64.0,0.75,55.59950400075627
64.0,0.8,54.100740335482705
65.0,0.0,0.0
65.0,0.05,26.12703203528226
65.0,0.1,37.55517896774194
65.0,0.15,42.34217926512096
65.0,0.2,44.962256516129024
65.0,0.25,47.40902406754032
65.0,0.3,50.1225042580645
65.0,0.35,52.74026224899191
65.0,0.4,54.67265445161278
65.0,0.45,55.50219155141128
65.0,0.5,55.207016129032176
65.0,0.55,54.20849487802422
65.0,0.6,53.242925419354535
65.0,0.65,53.057357712702675
65.0,0.7,53.9295300645168
65.0,0.75,55.011919732863134
65.0,0.8,53.499908129031084
66.0,0.0,0.0
66.0,0.05,26.346827821018145
66.0,0.1,37.75747231935484
66.0,0.15,42.41343663311491
66.0,0.2,44.86647489032258
66.0,0.25,47.153697864163306
66.0,0.3,49.73503274516128
66.0,0.35,52.25303703029232
66.0,0.4,54.115066529032134
66.0,0.45,54.897797486340714
66.0,0.5,54.574102822580564
66.0,0.55,53.56228249037301
66.0,0.6,52.59764794838678
66.0,0.65,52.42646075206761
66.0,0.7,53.322225261291
66.0,0.75,54.42433546497
66.0,0.8,52.899075922579456
67.0,0.0,0.0
67.0,0.05,26.566623606754032
67.0,0.1,37.95976567096774
67.0,0.15,42.48469400110886
67.0,0.2,44.770693264516126
67.0,0.25,46.898371660786296
67.0,0.3,49.34756123225805
67.0,0.35,51.76581181159272
67.0,0.4,53.55747860645149
67.0,0.45,54.293403421270156
67.0,0.5,53.94118951612895
67.0,0.55,52.9160701027218
67.0,0.6,51.95237047741903
67.0,0.65,51.795563791432556
67.0,0.7,52.71492045806521
67.0,0.75,53.836751197076865
67.0,0.8,52.298243716127836
68.0,0.0,0.0
68.0,0.05,26.78641939248992
68.0,0.1,38.16205902258065
68.0,0.15,42.555951369102814
68.0,0.2,44.67491163870967
68.0,0.25,46.64304545740928
68.0,0.3,48.960089719354826
68.0,0.35,51.27858659289312
68.0,0.4,52.999890683870845
68.0,0.45,53.68900935619959
68.0,0.5,53.30827620967734
68.0,0.55,52.269857715070586
68.0,0.6,51.307093006451275
68.0,0.65,51.16466683079749
68.0,0.7,52.10761565483941
68.0,0.75,53.24916692918373
68.0,0.8,51.69741150967621
69.0,0.0,0.0
69.0,0.05,27.00621517822581
69.0,0.1,38.36435237419355
69.0,0.15,42.627208737096765
69.0,0.2,44.57913001290322
69.0,0.25,46.38771925403226
69.0,0.3,48.5726182064516
69.0,0.35,50.79136137419352
69.0,0.4,52.44230276129019
69.0,0.45,53.084615291129026
69.0,0.5,52.675362903225725
69.0,0.55,51.62364532741937
69.0,0.6,50.66181553548353
69.0,0.65,50.53376987016243
69.0,0.7,51.50031085161361
69.0,0.75,52.661582661290595
69.0,0.8,51.09657930322459
70.0,0.0,0.0
70.0,0.05,27.226010963961695
70.0,0.1,38.56664572580645
70.0,0.15,42.698466105090716
70.0,0.2,44.48334838709677
70.0,0.25,46.132393050655246
70.0,0.3,48.185146693548376
70.0,0.35,50.30413615549393
70.0,0.4,51.88471483870955
70.0,0.45,52.48022122605846
70.0,0.5,52.04244959677411
70.0,0.55,50.97743293976816
70.0,0.6,50.01653806451577
70.0,0.65,49.902872909527375
70.0,0.7,50.89300604838781
70.0,0.75,52.07399839339746
70.0,0.8,50.49574709677296
71.0,0.0,0.0
71.0,0.05,27.44580674969758
71.0,0.1,38.76893907741936
71.0,0.15,42.76972347308467
71.0,0.2,44.387566761290316
71.0,0.25,45.87706684727823
71.0,0.3,47.79767518064514
71.0,0.35,49.81691093679433
71.0,0.4,51.327126916128904
71.0,0.45,51.8758271609879
71.0,0.5,51.4095362903225
71.0,0.55,50.331220552116946
71.0,0.6,49.37126059354802
71.0,0.65,49.27197594889231
71.0,0.7,50.28570124516202
71.0,0.75,51.486414125504325
71.0,0.8,49.89491489032134
72.0,0.0,0.0
72.0,0.05,27.665602535433468
72.0,0.1,38.97123242903226
72.0,0.15,42.84098084107862
72.0,0.2,44.29178513548386
72.0,0.25,45.62174064390121
72.0,0.3,47.41020366774192
72.0,0.35,49.32968571809473
72.0,0.4,50.76953899354825
72.0,0.45,51.27143309591734
72.0,0.5,50.77662298387089
72.0,0.55,49.685008164465735
72.0,0.6,48.72598312258027
72.0,0.65,48.64107898825725
72.0,0.7,49.678396441936215
72.0,0.75,50.89882985761119
72.0,0.8,49.29408268386971
73.0,0.0,0.0
73.0,0.05,27.885398321169355
73.0,0.1,39.173525780645164
73.0,0.15,42.91223820907257
73.0,0.2,44.19600350967741
73.0,0.25,45.366414440524196
73.0,0.3,47.02273215483869
73.0,0.35,48.84246049939513
73.0,0.4,50.21195107096761
73.0,0.45,50.66703903084678
73.0,0.5,50.143709677419274
73.0,0.55,49.038795776814524
73.0,0.6,48.08070565161252
73.0,0.65,48.01018202762219
73.0,0.7,49.07109163871042
73.0,0.75,50.311245589718055
73.0,0.8,48.69325047741809
74.0,0.0,0.0
74.0,0.05,28.10519410690524
74.0,0.1,39.375819132258066
74.0,0.15,42.98349557706652
74.0,0.2,44.100221883870965
74.0,0.25,45.111088237147186
74.0,0.3,46.63526064193547
74.0,0.35,48.35523528069554
74.0,0.4,49.65436314838696
74.0,0.45,50.062644965776215
74.0,0.5,49.51079637096766
74.0,0.55,48.39258338916331
74.0,0.6,47.43542818064476
74.0,0.65,47.37928506698713
74.0,0.7,48.463786835484626
74.0,0.75,49.72366132182492
74.0,0.8,48.09241827096646
75.0,0.0,0.0
75.0,0.05,28.324989892641128
75.0,0.1,39.57811248387097
75.0,0.15,43.05475294506047
75.0,0.2,44.00444025806451
75.0,0.25,44.85576203377017
75.0,0.3,46.24778912903224
75.0,0.35,47.86801006199594
75.0,0.4,49.09677522580632
75.0,0.45,49.45825090070565
75.0,0.5,48.87788306451605
75.0,0.55,47.7463710015121
75.0,0.6,46.790150709677015
75.0,0.65,46.74838810635207
75.0,0.7,47.856482032258825
75.0,0.75,49.136077053931785
75.0,0.8,47.49158606451484
76.0,0.0,0.0
76.0,0.05,28.544785678377018
76.0,0.1,39.780405835483876
76.0,0.15,43.12601031305442
76.0,0.2,43.90865863225806
76.0,0.25,44.60043583039315
76.0,0.3,45.86031761612901
76.0,0.35,47.38078484329634
76.0,0.4,48.53918730322567
76.0,0.45,48.85385683563509
76.0,0.5,48.24496975806444
76.0,0.55,47.100158613860884
76.0,0.6,46.14487323870926
76.0,0.65,46.11749114571701
76.0,0.7,47.24917722903303
76.0,0.75,48.54849278603865
76.0,0.8,46.89075385806321
77.0,0.0,0.0
77.0,0.05,28.764581464112904
77.0,0.1,39.98269918709678
77.0,0.15,43.19726768104837
77.0,0.2,43.81287700645161
77.0,0.25,44.345109627016136
77.0,0.3,45.472846103225784
77.0,0.35,46.89355962459675
77.0,0.4,47.98159938064502
77.0,0.45,48.24946277056453
77.0,0.5,47.61205645161283
77.0,0.55,46.45394622620967
77.0,0.6,45.49959576774151
77.0,0.65,45.48659418508195
77.0,0.7,46.64187242580723
77.0,0.75,47.960908518145516
77.0,0.8,46.28992165161159
78.0,0.0,0.0
78.0,0.05,28.98437724984879
78.0,0.1,40.18499253870968
78.0,0.15,43.26852504904233
78.0,0.2,43.717095380645155
78.0,0.25,44.08978342363912
78.0,0.3,45.08537459032256
78.0,0.35,46.40633440589715
78.0,0.4,47.42401145806438
78.0,0.45,47.64506870549397
78.0,0.5,46.97914314516122
78.0,0.55,45.80773383855846
78.0,0.6,44.854318296773755
78.0,0.65,44.855697224446885
78.0,0.7,46.034567622581434
78.0,0.75,47.37332425025238
78.0,0.8,45.689089445159965
79.0,0.0,0.0
79.0,0.05,29.204173035584677
79.0,0.1,40.38728589032259
79.0,0.15,43.33978241703628
79.0,0.2,43.6213137548387
79.0,0.25,43.8344572202621
79.0,0.3,44.69790307741933
79.0,0.35,45.91910918719755
79.0,0.4,46.86642353548373
79.0,0.45,47.040674640423404
79.0,0.5,46.346229838709604
79.0,0.55,45.16152145090725
79.0,0.6,44.20904082580601
79.0,0.65,44.22480026381183
79.0,0.7,45.42726281935563
79.0,0.75,46.785739982359246
79.0,0.8,45.088257238708344
80.0,0.0,0.0
80.0,0.05,29.423968821320564
80.0,0.1,40.58957924193549
80.0,0.15,43.41103978503023
80.0,0.2,43.52553212903225
80.0,0.25,43.579131016885086
80.0,0.3,44.31043156451611
80.0,0.35,45.43188396849796
80.0,0.4,46.30883561290308
80.0,0.45,46.43628057535284
80.0,0.5,45.71331653225799
80.0,0.55,44.51530906325604
80.0,0.6,43.56376335483825
80.0,0.65,43.593903303176766
80.0,0.7,44.81995801612984
80.0,0.75,46.19815571446611
80.0,0.8,44.487425032256716
81.0,0.0,0.0
81.0,0.05,29.64376460705645
81.0,0.1,40.79187259354839
81.0,0.15,43.482297153024184
81.0,0.2,43.4297505032258
81.0,0.25,43.32380481350807
81.0,0.3,43.92296005161288
81.0,0.35,44.94465874979836
81.0,0.4,45.75124769032244
81.0,0.45,45.83188651028228
81.0,0.5,45.08040322580638
81.0,0.55,43.86909667560483
81.0,0.6,42.9184858838705
81.0,0.65,42.96300634254171
81.0,0.7,44.212653212904044
81.0,0.75,45.610571446572976
81.0,0.8,43.886592825805096
82.0,0.0,0.0
82.0,0.05,29.86356039279234
82.0,0.1,40.99416594516129
82.0,0.15,43.553554521018135
82.0,0.2,43.33396887741935
82.0,0.25,43.06847861013106
82.0,0.3,43.53548853870966
82.0,0.35,44.45743353109876
82.0,0.4,45.19365976774179
82.0,0.45,45.227492445211716
82.0,0.5,44.447489919354766
82.0,0.55,43.22288428795361
82.0,0.6,42.27320841290275
82.0,0.65,42.33210938190665
82.0,0.7,43.60534840967824
82.0,0.75,45.02298717867984
82.0,0.8,43.28576061935347
83.0,0.0,0.0
83.0,0.05,30.083356178528227
83.0,0.1,41.196459296774194
83.0,0.15,43.624811889012086
83.0,0.2,43.2381872516129
83.0,0.25,42.81315240675404
83.0,0.3,43.148017025806425
83.0,0.35,43.97020831239916
83.0,0.4,44.63607184516115
83.0,0.45,44.62309838014115
83.0,0.5,43.81457661290315
83.0,0.55,42.5766719003024
83.0,0.6,41.627930941935
83.0,0.65,41.701212421271585
83.0,0.7,42.99804360645245
83.0,0.75,44.435402910786706
83.0,0.8,42.68492841290185
84.0,0.0,0.0
84.0,0.05,30.303151964264114
84.0,0.1,41.3987526483871
84.0,0.15,43.69606925700604
84.0,0.2,43.14240562580645
84.0,0.25,42.557826203377026
84.0,0.3,42.7605455129032
84.0,0.35,43.482983093699566
84.0,0.4,44.078483922580496
84.0,0.45,44.01870431507059
84.0,0.5,43.18166330645154
84.0,0.55,41.93045951265119
84.0,0.6,40.98265347096724
84.0,0.65,41.07031546063653
84.0,0.7,42.39073880322665
84.0,0.75,43.84781864289357
84.0,0.8,42.08409620645022
85.0,0.0,0.0
85.0,0.05,30.52294775
85.0,0.1,41.601046000000004
85.0,0.15,43.76732662499999
85.0,0.2,43.046623999999994
85.0,0.25,42.30250000000001
85.0,0.3,42.373073999999974
85.0,0.35,42.99575787499997
85.0,0.4,43.52089599999985
85.0,0.45,43.41431025000003
85.0,0.5,42.54874999999993
85.0,0.55,41.28424712499998
85.0,0.6,40.337375999999495
85.0,0.65,40.439418500001466
85.0,0.7,41.78343400000085
85.0,0.75,43.26023437500044
85.0,0.8,41.4832639999986
86.0,0.0,0.0
86.0,0.05,30.2835090234375
86.0,0.1,41.299382
86.0,0.15,43.46347642968749
86.0,0.2,42.74323199999999
86.0,0.25,41.984249023437506
86.0,0.3,42.029264999999974
86.0,0.35,42.629529304687466
86.0,0.4,43.148575999999856
86.0,0.45,43.058394773437534
86.0,0.5,42.22799999999993
86.0,0.55,41.004397929687464
86.0,0.6,40.08595199999954
86.0,0.65,40.18814627343893
86.0,0.7,41.5017470000008
86.0,0.75,42.94336230468789
86.0,0.8,41.19839999999861
87.0,0.0,0.0
87.0,0.05,30.044070296875
87.0,0.1,40.997718000000006
87.0,0.15,43.15962623437499
87.0,0.2,42.43983999999999
87.0,0.25,41.66599804687501
87.0,0.3,41.68545599999998
87.0,0.35,42.263300734374965
87.0,0.4,42.776255999999854
87.0,0.45,42.70247929687505
87.0,0.5,41.907249999999934
87.0,0.55,40.72454873437495
87.0,0.6,39.83452799999958
87.0,0.65,39.936874046876405
87.0,0.7,41.22006000000074
87.0,0.75,42.62649023437534
87.0,0.8,40.913535999998615
88.0,0.0,0.0
88.0,0.05,29.8046315703125
88.0,0.1,40.696054000000004
88.0,0.15,42.85577603906249
88.0,0.2,42.13644799999999
88.0,0.25,41.34774707031251
88.0,0.3,41.34164699999998
88.0,0.35,41.897072164062465
88.0,0.4,42.40393599999986
88.0,0.45,42.346563820312554
88.0,0.5,41.58649999999993
88.0,0.55,40.44469953906244
88.0,0.6,39.58310399999962
88.0,0.65,39.68560182031387
88.0,0.7,40.93837300000068
88.0,0.75,42.3096181640628
88.0,0.8,40.628671999998616
89.0,0.0,0.0
89.0,0.05,29.56519284375
89.0,0.1,40.39439
89.0,0.15,42.55192584374999
89.0,0.2,41.83305599999999
89.0,0.25,41.02949609375001
89.0,0.3,40.99783799999998
89.0,0.35,41.530843593749964
89.0,0.4,42.031615999999865
89.0,0.45,41.99064834375007
89.0,0.5,41.26574999999993
89.0,0.55,40.164850343749926
89.0,0.6,39.331679999999665
89.0,0.65,39.43432959375134
89.0,0.7,40.656686000000626
89.0,0.75,41.99274609375025
89.0,0.8,40.343807999998624
90.0,0.0,0.0
90.0,0.05,29.3257541171875
90.0,0.1,40.092726
90.0,0.15,42.24807564843749
90.0,0.2,41.52966399999999
90.0,0.25,40.71124511718751
90.0,0.3,40.65402899999998
90.0,0.35,41.16461502343746
90.0,0.4,41.65929599999986
90.0,0.45,41.63473286718757
90.0,0.5,40.944999999999936
90.0,0.55,39.88500114843741
90.0,0.6,39.08025599999971
90.0,0.65,39.18305736718881
90.0,0.7,40.37499900000057
90.0,0.75,41.6758740234377
90.0,0.8,40.05894399999863
91.0,0.0,0.0
91.0,0.05,29.086315390625
91.0,0.1,39.791062
91.0,0.15,41.94422545312499
91.0,0.2,41.22627199999999
91.0,0.25,40.39299414062501
91.0,0.3,40.31021999999999
91.0,0.35,40.798386453124955
91.0,0.4,41.28697599999987
91.0,0.45,41.27881739062508
91.0,0.5,40.62424999999994
91.0,0.55,39.605151953124896
91.0,0.6,38.82883199999975
91.0,0.65,38.931785140626275
91.0,0.7,40.093312000000516
91.0,0.75,41.35900195312515
91.0,0.8,39.77407999999864
92.0,0.0,0.0
92.0,0.05,28.8468766640625
92.0,0.1,39.489398
92.0,0.15,41.640375257812494
92.0,0.2,40.922879999999985
92.0,0.25,40.07474316406251
92.0,0.3,39.96641099999999
92.0,0.35,40.432157882812454
92.0,0.4,40.91465599999987
92.0,0.45,40.92290191406259
92.0,0.5,40.30349999999994
92.0,0.55,39.32530275781238
92.0,0.6,38.57740799999979
92.0,0.65,38.68051291406375
92.0,0.7,39.81162500000046
92.0,0.75,41.0421298828126
92.0,0.8,39.48921599999865
93.0,0.0,0.0
93.0,0.05,28.607437937500002
93.0,0.1,39.187734
93.0,0.15,41.336525062499994
93.0,0.2,40.61948799999999
93.0,0.25,39.75649218750001
93.0,0.3,39.622601999999986
93.0,0.35,40.065929312499954
93.0,0.4,40.54233599999987
93.0,0.45,40.5669864375001
93.0,0.5,39.98274999999994
93.0,0.55,39.04545356249987
93.0,0.6,38.325983999999835
93.0,0.65,38.42924068750121
93.0,0.7,39.5299380000004
93.0,0.75,40.72525781250006
93.0,0.8,39.20435199999865
94.0,0.0,0.0
94.0,0.05,28.3679992109375
94.0,0.1,38.88607
94.0,0.15,41.032674867187495
94.0,0.2,40.31609599999999
94.0,0.25,39.43824121093751
94.0,0.3,39.27879299999999
94.0,0.35,39.69970074218745
94.0,0.4,40.170015999999876
94.0,0.45,40.21107096093761
94.0,0.5,39.66199999999994
94.0,0.55,38.76560436718736
94.0,0.6,38.07455999999988
94.0,0.65,38.177968460938686
94.0,0.7,39.248251000000344
94.0,0.75,40.40838574218751
94.0,0.8,38.91948799999866
95.0,0.0,0.0
95.0,0.05,28.128560484375
95.0,0.1,38.584406
95.0,0.15,40.728824671875
95.0,0.2,40.012703999999985
95.0,0.25,39.11999023437501
95.0,0.3,38.93498399999999
95.0,0.35,39.33347217187495
95.0,0.4,39.797695999999874
95.0,0.45,39.85515548437512
95.0,0.5,39.341249999999945
95.0,0.55,38.48575517187484
95.0,0.6,37.82313599999992
95.0,0.65,37.92669623437615
95.0,0.7,38.96656400000029
95.0,0.75,40.091513671874964
95.0,0.8,38.63462399999867
96.0,0.0,0.0
96.0,0.05,27.8891217578125
96.0,0.1,38.282742
96.0,0.15,40.424974476562504
96.0,0.2,39.70931199999998
96.0,0.25,38.80173925781251
96.0,0.3,38.59117499999999
96.0,0.35,38.96724360156245
96.0,0.4,39.42537599999988
96.0,0.45,39.499240007812624
96.0,0.5,39.02049999999995
96.0,0.55,38.20590597656233
96.0,0.6,37.57171199999996
96.0,0.65,37.67542400781362
96.0,0.7,38.684877000000235
96.0,0.75,39.774641601562415
96.0,0.8,38.349759999998675
97.0,0.0,0.0
97.0,0.05,27.64968303125
97.0,0.1,37.981078
97.0,0.15,40.121124281250005
97.0,0.2,39.40591999999998
97.0,0.25,38.48348828125001
97.0,0.3,38.247366
97.0,0.35,38.60101503124995
97.0,0.4,39.053055999999884
97.0,0.45,39.14332453125014
97.0,0.5,38.69974999999995
97.0,0.55,37.92605678124981
97.0,0.6,37.320288000000005
97.0,0.65,37.42415178125109
97.0,0.7,38.40319000000018
97.0,0.75,39.457769531249866
97.0,0.8,38.06489599999868
98.0,0.0,0.0
98.0,0.05,27.410244304687502
98.0,0.1,37.679413999999994
98.0,0.15,39.817274085937505
98.0,0.2,39.102527999999985
98.0,0.25,38.16523730468751
98.0,0.3,37.903557
98.0,0.35,38.23478646093745
98.0,0.4,38.68073599999988
98.0,0.45,38.78740905468764
98.0,0.5,38.37899999999995
98.0,0.55,37.646207585937304
98.0,0.6,37.06886400000005
98.0,0.65,37.172879554688556
98.0,0.7,38.12150300000012
98.0,0.75,39.140897460937325
98.0,0.8,37.780031999998684
99.0,0.0,0.0
99.0,0.05,27.170805578125
99.0,0.1,37.37774999999999
99.0,0.15,39.513423890625006
99.0,0.2,38.79913599999998
99.0,0.25,37.84698632812501
99.0,0.3,37.559748
99.0,0.35,37.86855789062495
99.0,0.4,38.30841599999989
99.0,0.45,38.431493578125156
99.0,0.5,38.05824999999995
99.0,0.55,37.36635839062479
99.0,0.6,36.81744000000009
99.0,0.65,36.92160732812603
99.0,0.7,37.83981600000006
99.0,0.75,38.824025390624776
99.0,0.8,37.49516799999869
100.0,0.0,0.0
100.0,0.05,26.9313668515625
100.0,0.1,37.076086
100.0,0.15,39.20957369531251
100.0,0.2,38.49574399999998
100.0,0.25,37.52873535156251
100.0,0.3,37.215939000000006
100.0,0.35,37.50232932031244
100.0,0.4,37.93609599999989
100.0,0.45,38.07557810156266
100.0,0.5,37.737499999999955
100.0,0.55,37.086509195312274
100.0,0.6,36.56601600000013
100.0,0.65,36.670335101563495
100.0,0.7,37.55812900000001
100.0,0.75,38.50715332031223
100.0,0.8,37.2103039999987
101.0,0.0,0.0
101.0,0.05,26.691928125
101.0,0.1,36.774421999999994
101.0,0.15,38.90572350000001
101.0,0.2,38.19235199999998
101.0,0.25,37.21048437500001
101.0,0.3,36.872130000000006
101.0,0.35,37.13610074999994
101.0,0.4,37.56377599999989
101.0,0.45,37.71966262500017
101.0,0.5,37.41674999999996
101.0,0.55,36.80665999999976
101.0,0.6,36.314592000000175
101.0,0.65,36.41906287500096
101.0,0.7,37.27644199999995
101.0,0.75,38.19028124999968
101.0,0.8,36.92543999999871
102.0,0.0,0.0
102.0,0.05,26.4524893984375
102.0,0.1,36.47275799999999
102.0,0.15,38.60187330468751
102.0,0.2,37.888959999999976
102.0,0.25,36.89223339843751
102.0,0.3,36.528321000000005
102.0,0.35,36.76987217968744
102.0,0.4,37.191455999999896
102.0,0.45,37.36374714843768
102.0,0.5,37.09599999999996
102.0,0.55,36.526810804687244
102.0,0.6,36.06316800000022
102.0,0.65,36.167790648438434
102.0,0.7,36.9947549999999
102.0,0.75,37.87340917968713
102.0,0.8,36.64057599999872
103.0,0.0,0.0
103.0,0.05,26.213050671875003
103.0,0.1,36.171094
103.0,0.15,38.29802310937501
103.0,0.2,37.58556799999998
103.0,0.25,36.57398242187501
103.0,0.3,36.184512000000005
103.0,0.35,36.40364360937494
103.0,0.4,36.8191359999999
103.0,0.45,37.00783167187519
103.0,0.5,36.77524999999996
103.0,0.55,36.246961609374736
103.0,0.6,35.81174400000026
103.0,0.65,35.9165184218759
103.0,0.7,36.713067999999836
103.0,0.75,37.55653710937459
103.0,0.8,36.35571199999872
104.0,0.0,0.0
104.0,0.05,25.973611945312502
104.0,0.1,35.869429999999994
104.0,0.15,37.99417291406251
104.0,0.2,37.28217599999998
104.0,0.25,36.25573144531251
104.0,0.3,35.84070300000001
104.0,0.35,36.03741503906244
104.0,0.4,36.4468159999999
104.0,0.45,36.6519161953127
104.0,0.5,36.45449999999996
104.0,0.55,35.96711241406222
104.0,0.6,35.5603200000003
104.0,0.65,35.66524619531337
104.0,0.7,36.43138099999978
104.0,0.75,37.23966503906204
104.0,0.8,36.070847999998726
105.0,0.0,0.0
105.0,0.05,25.73417321875
105.0,0.1,35.56776599999999
105.0,0.15,37.69032271875001
105.0,0.2,36.978783999999976
105.0,0.25,35.93748046875001
105.0,0.3,35.49689400000001
105.0,0.35,35.67118646874994
105.0,0.4,36.074495999999904
105.0,0.45,36.29600071875021
105.0,0.5,36.133749999999964
105.0,0.55,35.687263218749706
105.0,0.6,35.308896000000345
105.0,0.65,35.41397396875084
105.0,0.7,36.14969399999973
105.0,0.75,36.92279296874949
105.0,0.8,35.785983999998734
106.0,0.0,0.0
106.0,0.05,25.592597509375
106.0,0.1,35.36324109999999
106.0,0.15,37.46505599062501
106.0,0.2,36.752046399999976
106.0,0.25,35.71551367187501
106.0,0.3,35.279754900000015
106.0,0.35,35.45704205312494
106.0,0.4,35.86188159999991
106.0,0.45,36.08455463437521
106.0,0.5,35.923937499999965
106.0,0.55,35.47960291562475
106.0,0.6,35.10320160000033
106.0,0.65,35.20912439687583
106.0,0.7,35.94444489999971
106.0,0.75,36.71814257812453
106.0,0.8,35.58960639999884
107.0,0.0,0.0
107.0,0.05,25.451021800000003
107.0,0.1,35.15871619999999
107.0,0.15,37.23978926250001
107.0,0.2,36.525308799999976
107.0,0.25,35.493546875000014
107.0,0.3,35.06261580000002
107.0,0.35,35.242897637499944
107.0,0.4,35.64926719999991
107.0,0.45,35.873108550000204
107.0,0.5,35.71412499999997
107.0,0.55,35.27194261249981
107.0,0.6,34.89750720000033
107.0,0.65,35.00427482500082
107.0,0.7,35.7391957999997
107.0,0.75,36.51349218749956
107.0,0.8,35.39322879999895
108.0,0.0,0.0
108.0,0.05,25.309446090625002
108.0,0.1,34.95419129999999
108.0,0.15,37.01452253437501
108.0,0.2,36.298571199999984
108.0,0.25,35.27158007812501
108.0,0.3,34.84547670000002
108.0,0.35,35.02875322187495
108.0,0.4,35.43665279999992
108.0,0.45,35.661662465625206
108.0,0.5,35.50431249999997
108.0,0.55,35.06428230937485
108.0,0.6,34.691812800000314
108.0,0.65,34.79942525312582
108.0,0.7,35.53394669999968
108.0,0.75,36.308841796874596
108.0,0.8,35.19685119999906
109.0,0.0,0.0
109.0,0.05,25.16787038125
109.0,0.1,34.749666399999995
109.0,0.15,36.78925580625001
109.0,0.2,36.071833599999984
109.0,0.25,35.04961328125002
109.0,0.3,34.62833760000002
109.0,0.35,34.81460880624995
109.0,0.4,35.22403839999993
109.0,0.45,35.45021638125021
109.0,0.5,35.29449999999997
109.0,0.55,34.85662200624991
109.0,0.6,34.48611840000031
109.0,0.65,34.59457568125081
109.0,0.7,35.32869759999967
109.0,0.75,36.104191406249626
109.0,0.8,35.00047359999917
110.0,0.0,0.0
110.0,0.05,25.026294671875
110.0,0.1,34.54514149999999
110.0,0.15,36.56398907812501
110.0,0.2,35.845095999999984
110.0,0.25,34.827646484375016
110.0,0.3,34.411198500000026
110.0,0.35,34.60046439062496
110.0,0.4,35.011423999999934
110.0,0.45,35.2387702968752
110.0,0.5,35.08468749999997
110.0,0.55,34.648961703124954
110.0,0.6,34.280424000000295
110.0,0.65,34.3897261093758
110.0,0.7,35.123448499999654
110.0,0.75,35.89954101562466
110.0,0.8,34.80409599999928
111.0,0.0,0.0
111.0,0.05,24.884718962500003
111.0,0.1,34.3406166
111.0,0.15,36.33872235000001
111.0,0.2,35.618358399999984
111.0,0.25,34.605679687500015
111.0,0.3,34.19405940000003
111.0,0.35,34.38631997499996
111.0,0.4,34.79880959999994
111.0,0.45,35.027324212500204
111.0,0.5,34.874874999999975
111.0,0.55,34.4413014
111.0,0.6,34.07472960000028
111.0,0.65,34.18487653750079
111.0,0.7,34.91819939999964
111.0,0.75,35.6948906249997
111.0,0.8,34.607718399999385
112.0,0.0,0.0
112.0,0.05,24.743143253125
112.0,0.1,34.136091699999994
112.0,0.15,36.11345562187501
112.0,0.2,35.391620799999984
112.0,0.25,34.38371289062502
112.0,0.3,33.97692030000003
112.0,0.35,34.17217555937496
112.0,0.4,34.58619519999994
112.0,0.45,34.815878128125206
112.0,0.5,34.665062499999976
112.0,0.55,34.233641096875054
112.0,0.6,33.869035200000276
112.0,0.65,33.98002696562578
112.0,0.7,34.712950299999626
112.0,0.75,35.49024023437473
112.0,0.8,34.41134079999949
113.0,0.0,0.0
113.0,0.05,24.60156754375
113.0,0.1,33.9315668
113.0,0.15,35.88818889375001
113.0,0.2,35.16488319999999
113.0,0.25,34.16174609375002
113.0,0.3,33.759781200000035
113.0,0.35,33.95803114374996
113.0,0.4,34.37358079999995
113.0,0.45,34.60443204375021
113.0,0.5,34.45524999999998
113.0,0.55,34.0259807937501
113.0,0.6,33.66334080000026
113.0,0.65,33.77517739375078
113.0,0.7,34.50770119999961
113.0,0.75,35.28558984374977
113.0,0.8,34.2149631999996
114.0,0.0,0.0
114.0,0.05,24.459991834375003
114.0,0.1,33.727041899999996
114.0,0.15,35.66292216562501
114.0,0.2,34.93814559999999
114.0,0.25,33.939779296875024
114.0,0.3,33.54264210000004
114.0,0.35,33.74388672812497
114.0,0.4,34.16096639999996
114.0,0.45,34.3929859593752
114.0,0.5,34.24543749999998
114.0,0.55,33.818320490625155
114.0,0.6,33.45764640000026
114.0,0.65,33.57032782187577
114.0,0.7,34.3024520999996
114.0,0.75,35.0809394531248
114.0,0.8,34.01858559999971
115.0,0.0,0.0
115.0,0.05,24.318416125000002
115.0,0.1,33.522517
115.0,0.15,35.43765543750001
115.0,0.2,34.71140799999999
115.0,0.25,33.71781250000002
115.0,0.3,33.32550300000004
115.0,0.35,33.52974231249998
115.0,0.4,33.94835199999996
115.0,0.45,34.181539875000205
115.0,0.5,34.03562499999998
115.0,0.55,33.6106601875002
115.0,0.6,33.251952000000244
115.0,0.65,33.36547825000076
115.0,0.7,34.09720299999958
115.0,0.75,34.876289062499836
115.0,0.8,33.82220799999982
116.0,0.0,0.0
116.0,0.05,24.176840415625
116.0,0.1,33.3179921
116.0,0.15,35.21238870937502
116.0,0.2,34.48467039999999
116.0,0.25,33.49584570312502
116.0,0.3,33.108363900000036
116.0,0.35,33.315597896874976
116.0,0.4,33.735737599999965
116.0,0.45,33.97009379062521
116.0,0.5,33.825812499999984
116.0,0.55,33.40299988437525
116.0,0.6,33.04625760000023
116.0,0.65,33.160628678125754
116.0,0.7,33.891953899999564
116.0,0.75,34.671638671874874
116.0,0.8,33.62583039999993
117.0,0.0,0.0
117.0,0.05,24.035264706250004
117.0,0.1,33.1134672
117.0,0.15,34.98712198125002
117.0,0.2,34.25793279999999
117.0,0.25,33.273878906250026
117.0,0.3,32.89122480000004
117.0,0.35,33.10145348124998
117.0,0.4,33.52312319999997
117.0,0.45,33.7586477062502
117.0,0.5,33.615999999999985
117.0,0.55,33.1953395812503
117.0,0.6,32.840563200000226
117.0,0.65,32.955779106250745
117.0,0.7,33.68670479999955
117.0,0.75,34.466988281249904
117.0,0.8,33.429452800000035
118.0,0.0,0.0
118.0,0.05,23.893688996875003
118.0,0.1,32.9089423
118.0,0.15,34.76185525312502
118.0,0.2,34.0311952
118.0,0.25,33.051912109375024
118.0,0.3,32.67408570000004
118.0,0.35,32.88730906562498
118.0,0.4,33.31050879999998
118.0,0.45,33.5472016218752
118.0,0.5,33.40618749999999
118.0,0.55,32.98767927812535
118.0,0.6,32.63486880000021
118.0,0.65,32.75092953437574
118.0,0.7,33.481455699999536
118.0,0.75,34.26233789062494
118.0,0.8,33.233075200000144
119.0,0.0,0.0
119.0,0.05,23.752113287500002
119.0,0.1,32.704417400000004
119.0,0.15,34.53658852500002
119.0,0.2,33.8044576
119.0,0.25,32.82994531250003
119.0,0.3,32.456946600000045
119.0,0.35,32.67316464999999
119.0,0.4,33.09789439999999
119.0,0.45,33.335755537500205
119.0,0.5,33.19637499999999
119.0,0.55,32.7800189750004
119.0,0.6,32.42917440000021
119.0,0.65,32.546079962500734
119.0,0.7,33.276206599999526
119.0,0.75,34.05768749999997
119.0,0.8,33.03669760000025
120.0,0.0,0.0
120.0,0.05,23.610537578125005
120.0,0.1,32.4998925
120.0,0.15,34.31132179687502
120.0,0.2,33.57772
120.0,0.25,32.60797851562503
120.0,0.3,32.23980750000005
120.0,0.35,32.45902023437499
120.0,0.4,32.88527999999999
120.0,0.45,33.12430945312521
120.0,0.5,32.98656249999999
120.0,0.55,32.57235867187545
120.0,0.6,32.223480000000194
120.0,0.65,32.341230390625725
120.0,0.7,33.07095749999951
120.0,0.75,33.85303710937501
120.0,0.8,32.84032000000036
121.0,0.0,0.0
121.0,0.05,23.468961868750004
121.0,0.1,32.295367600000006
121.0,0.15,34.08605506875002
121.0,0.2,33.3509824
121.0,0.25,32.38601171875003
121.0,0.3,32.02266840000005
121.0,0.35,32.244875818749996
121.0,0.4,32.672665599999995
121.0,0.45,32.9128633687502
121.0,0.5,32.77674999999999
121.0,0.55,32.364698368750496
121.0,0.6,32.01778560000018
121.0,0.65,32.136380818750716
121.0,0.7,32.86570839999949
121.0,0.75,33.64838671875005
121.0,0.8,32.64394240000047
122.0,0.0,0.0
122.0,0.05,23.327386159375003
122.0,0.1,32.0908427
122.0,0.15,33.86078834062502
122.0,0.2,33.1242448
122.0,0.25,32.16404492187503
122.0,0.3,31.805529300000053
122.0,0.35,32.030731403124996
122.0,0.4,32.4600512
122.0,0.45,32.701417284375204
122.0,0.5,32.566937499999995
122.0,0.55,32.15703806562555
122.0,0.6,31.812091200000175
122.0,0.65,31.93153124687571
122.0,0.7,32.66045929999948
122.0,0.75,33.44373632812508
122.0,0.8,32.44756480000058
123.0,0.0,0.0
123.0,0.05,23.18581045
123.0,0.1,31.886317800000004
123.0,0.15,33.63552161250002
123.0,0.2,32.89750720000001
123.0,0.25,31.94207812500003
123.0,0.3,31.588390200000056
123.0,0.35,31.816586987500003
123.0,0.4,32.2474368
123.0,0.45,32.489971200000205
123.0,0.5,32.357124999999996
123.0,0.55,31.949377762500596
123.0,0.6,31.606396800000162
123.0,0.65,31.7266816750007
123.0,0.7,32.45521019999946
123.0,0.75,33.239085937500114
123.0,0.8,32.251187200000686
124.0,0.0,0.0
124.0,0.05,23.044234740625004
124.0,0.1,31.681792900000005
124.0,0.15,33.41025488437502
124.0,0.2,32.67076960000001
124.0,0.25,31.720111328125032
124.0,0.3,31.37125110000006
124.0,0.35,31.602442571875006
124.0,0.4,32.03482240000001
124.0,0.45,32.2785251156252
124.0,0.5,32.1473125
124.0,0.55,31.741717459375646
124.0,0.6,31.400702400000153
124.0,0.65,31.521832103125696
124.0,0.7,32.24996109999945
124.0,0.75,33.034435546875144
124.0,0.8,32.054809600000794
125.0,0.0,0.0
125.0,0.05,22.902659031250003
125.0,0.1,31.477268000000006
125.0,0.15,33.18498815625002
125.0,0.2,32.44403200000001
125.0,0.25,31.498144531250034
125.0,0.3,31.15411200000006
125.0,0.35,31.38829815625001
125.0,0.4,31.822208000000018
125.0,0.45,32.0670790312502
125.0,0.5,31.9375
125.0,0.55,31.534057156250697
125.0,0.6,31.195008000000144
125.0,0.65,31.316982531250687
125.0,0.7,32.044711999999436
125.0,0.75,32.82978515625018
125.0,0.8,31.858432000000903
126.0,0.0,0.0
126.0,0.05,22.478279254937505
126.0,0.1,30.97804207600001
126.0,0.15,32.75836000443752
126.0,0.2,32.12201958400001
126.0,0.25,31.258539648437534
126.0,0.3,30.96012476400006
126.0,0.35,31.21055482693751
126.0,0.4,31.64701081600002
126.0,0.45,31.8948366999377
126.0,0.5,31.775237500000003
126.0,0.55,31.38591350743818
126.0,0.6,31.054630656000143
126.0,0.65,31.165727049438182
126.0,0.7,31.859555643999478
126.0,0.75,32.604863085937694
126.0,0.8,31.64410470400089
127.0,0.0,0.0
127.0,0.05,22.053899478625006
127.0,0.1,30.478816152000007
127.0,0.15,32.33173185262502
127.0,0.2,31.800007168000008
127.0,0.25,31.018934765625033
127.0,0.3,30.76613752800006
127.0,0.35,31.032811497625012
127.0,0.4,31.471813632000018
127.0,0.45,31.722594368625195
127.0,0.5,31.61297500000001
127.0,0.55,31.23776985862566
127.0,0.6,30.91425331200014
127.0,0.65,31.014471567625677
127.0,0.7,31.674399287999517
127.0,0.75,32.3799410156252
127.0,0.8,31.429777408000874
128.0,0.0,0.0
128.0,0.05,21.629519702312503
128.0,0.1,29.979590228000006
128.0,0.15,31.905103700812518
128.0,0.2,31.477994752000008
128.0,0.25,30.779329882812533
128.0,0.3,30.572150292000053
128.0,0.35,30.855068168312513
128.0,0.4,31.29661644800002
128.0,0.45,31.550352037312692
128.0,0.5,31.450712500000012
128.0,0.55,31.089626209813147
128.0,0.6,30.77387596800014
128.0,0.65,30.863216085813175
128.0,0.7,31.48924293199956
128.0,0.75,32.15501894531271
128.0,0.8,31.21545011200086
129.0,0.0,0.0
129.0,0.05,21.205139926
129.0,0.1,29.480364304000005
129.0,0.15,31.478475549000017
129.0,0.2,31.155982336000008
129.0,0.25,30.53972500000003
129.0,0.3,30.378163056000055
129.0,0.35,30.677324839000015
129.0,0.4,31.121419264000018
129.0,0.45,31.378109706000185
129.0,0.5,31.28845000000002
129.0,0.55,30.94148256100063
129.0,0.6,30.63349862400014
129.0,0.65,30.71196060400067
129.0,0.7,31.304086575999598
129.0,0.75,31.930096875000217
129.0,0.8,31.001122816000844
130.0,0.0,0.0
130.0,0.05,20.780760149687502
130.0,0.1,28.981138380000004
130.0,0.15,31.051847397187515
130.0,0.2,30.83396992000001
130.0,0.25,30.30012011718753
130.0,0.3,30.18417582000005
130.0,0.35,30.49958150968752
130.0,0.4,30.94622208000002
130.0,0.45,31.20586737468768
130.0,0.5,31.12618750000002
130.0,0.55,30.793338912188112
130.0,0.6,30.49312128000014
130.0,0.65,30.560705122188164
130.0,0.7,31.11893021999964
130.0,0.75,31.705174804687726
130.0,0.8,30.78679552000083
131.0,0.0,0.0
131.0,0.05,20.356380373375004
131.0,0.1,28.481912456000003
131.0,0.15,30.625219245375014
131.0,0.2,30.51195750400001
131.0,0.25,30.06051523437503
131.0,0.3,29.990188584000048
131.0,0.35,30.32183818037502
131.0,0.4,30.77102489600002
131.0,0.45,31.033625043375178
131.0,0.5,30.963925000000025
131.0,0.55,30.645195263375598
131.0,0.6,30.352743936000138
131.0,0.65,30.40944964037566
131.0,0.7,30.933773863999683
131.0,0.75,31.480252734375235
131.0,0.8,30.572468224000815
132.0,0.0,0.0
132.0,0.05,19.932000597062505
132.0,0.1,27.982686532000006
132.0,0.15,30.198591093562513
132.0,0.2,30.189945088000005
132.0,0.25,29.820910351562528
132.0,0.3,29.796201348000046
132.0,0.35,30.144094851062523
132.0,0.4,30.59582771200002
132.0,0.45,30.861382712062674
132.0,0.5,30.80166250000003
132.0,0.55,30.49705161456308
132.0,0.6,30.212366592000137
132.0,0.65,30.258194158563157
132.0,0.7,30.74861750799972
132.0,0.75,31.255330664062743
132.0,0.8,30.358140928000797
133.0,0.0,0.0
133.0,0.05,19.507620820750002
133.0,0.1,27.483460608000005
133.0,0.15,29.771962941750015
133.0,0.2,29.867932672000006
133.0,0.25,29.581305468750028
133.0,0.3,29.602214112000045
133.0,0.35,29.966351521750024
133.0,0.4,30.42063052800002
133.0,0.45,30.68914038075017
133.0,0.5,30.639400000000034
133.0,0.55,30.348907965750563
133.0,0.6,30.071989248000136
133.0,0.65,30.10693867675065
133.0,0.7,30.563461151999764
133.0,0.75,31.030408593750252
133.0,0.8,30.143813632000782
134.0,0.0,0.0
134.0,0.05,19.083241044437504
134.0,0.1,26.984234684000004
134.0,0.15,29.345334789937514
134.0,0.2,29.545920256000006
134.0,0.25,29.341700585937524
134.0,0.3,29.408226876000043
134.0,0.35,29.788608192437525
134.0,0.4,30.24543334400002
134.0,0.45,30.516898049437664
134.0,0.5,30.47713750000004
134.0,0.55,30.20076431693805
134.0,0.6,29.931611904000135
134.0,0.65,29.955683194938146
134.0,0.7,30.378304795999803
134.0,0.75,30.80548652343776
134.0,0.8,29.929486336000767
135.0,0.0,0.0
135.0,0.05,18.658861268125
135.0,0.1,26.485008760000007
135.0,0.15,28.918706638125013
135.0,0.2,29.223907840000006
135.0,0.25,29.102095703125023
135.0,0.3,29.21423964000004
135.0,0.35,29.610864863125027
135.0,0.4,30.07023616000002
135.0,0.45,30.34465571812516
135.0,0.5,30.314875000000043
135.0,0.55,30.05262066812553
135.0,0.6,29.791234560000134
135.0,0.65,29.80442771312564
135.0,0.7,30.193148439999845
135.0,0.75,30.58056445312527
135.0,0.8,29.715159040000753
136.0,0.0,0.0
136.0,0.05,18.234481491812502
136.0,0.1,25.985782836000006
136.0,0.15,28.49207848631251
136.0,0.2,28.901895424000006
136.0,0.25,28.862490820312523
136.0,0.3,29.02025240400004
136.0,0.35,29.43312153381253
136.0,0.4,29.895038976000023
136.0,0.45,30.172413386812657
136.0,0.5,30.152612500000046
136.0,0.55,29.904477019313013
136.0,0.6,29.650857216000134
136.0,0.65,29.65317223131314
136.0,0.7,30.007992083999888
136.0,0.75,30.355642382812782
136.0,0.8,29.500831744000738
137.0,0.0,0.0
137.0,0.05,17.810101715500004
137.0,0.1,25.486556912000005
137.0,0.15,28.06545033450001
137.0,0.2,28.579883008000003
137.0,0.25,28.622885937500023
137.0,0.3,28.826265168000035
137.0,0.35,29.255378204500033
137.0,0.4,29.71984179200002
137.0,0.45,30.000171055500154
137.0,0.5,29.990350000000053
137.0,0.55,29.756333370500496
137.0,0.6,29.510479872000133
137.0,0.65,29.501916749500634
137.0,0.7,29.822835727999927
137.0,0.75,30.130720312500287
137.0,0.8,29.286504448000723
138.0,0.0,0.0
138.0,0.05,17.3857219391875
138.0,0.1,24.987330988000004
138.0,0.15,27.63882218268751
138.0,0.2,28.257870592000003
138.0,0.25,28.383281054687522
138.0,0.3,28.632277932000033
138.0,0.35,29.077634875187535
138.0,0.4,29.544644608000024
138.0,0.45,29.82792872418765
138.0,0.5,29.828087500000056
138.0,0.55,29.60818972168798
138.0,0.6,29.37010252800013
138.0,0.65,29.350661267688128
138.0,0.7,29.63767937199997
138.0,0.75,29.9057982421878
138.0,0.8,29.07217715200071
139.0,0.0,0.0
139.0,0.05,16.961342162875003
139.0,0.1,24.488105064000003
139.0,0.15,27.212194030875008
139.0,0.2,27.935858176000004
139.0,0.25,28.143676171875022
139.0,0.3,28.43829069600003
139.0,0.35,28.899891545875036
139.0,0.4,29.369447424000022
139.0,0.45,29.655686392875147
139.0,0.5,29.665825000000062
139.0,0.55,29.460046072875464
139.0,0.6,29.22972518400013
139.0,0.65,29.199405785875623
139.0,0.7,29.452523016000008
139.0,0.75,29.68087617187531
139.0,0.8,28.857849856000694
140.0,0.0,0.0
140.0,0.05,16.5369623865625
140.0,0.1,23.988879140000005
140.0,0.15,26.785565879062506
140.0,0.2,27.613845760000004
140.0,0.25,27.90407128906252
140.0,0.3,28.24430346000003
140.0,0.35,28.722148216562537
140.0,0.4,29.194250240000024
140.0,0.45,29.483444061562643
140.0,0.5,29.503562500000065
140.0,0.55,29.311902424062946
140.0,0.6,29.08934784000013
140.0,0.65,29.04815030406312
140.0,0.7,29.26736666000005
140.0,0.75,29.455954101562817
140.0,0.8,28.64352256000068
141.0,0.0,0.0
141.0,0.05,16.11258261025
141.0,0.1,23.489653216000004
141.0,0.15,26.358937727250005
141.0,0.2,27.291833344000004
141.0,0.25,27.664466406250018
141.0,0.3,28.050316224000028
141.0,0.35,28.54440488725004
141.0,0.4,29.019053056000025
141.0,0.45,29.311201730250136
141.0,0.5,29.341300000000068
141.0,0.55,29.16375877525043
141.0,0.6,28.94897049600013
141.0,0.65,28.896894822250616
141.0,0.7,29.082210304000093
141.0,0.75,29.231032031250326
141.0,0.8,28.429195264000665
142.0,0.0,0.0
142.0,0.05,15.688202833937503
142.0,0.1,22.990427292000003
142.0,0.15,25.932309575437504
142.0,0.2,26.969820928000004
142.0,0.25,27.424861523437517
142.0,0.3,27.856328988000026
142.0,0.35,28.36666155793754
142.0,0.4,28.843855872000024
142.0,0.45,29.138959398937633
142.0,0.5,29.179037500000074
142.0,0.55,29.015615126437915
142.0,0.6,28.808593152000128
142.0,0.65,28.74563934043811
142.0,0.7,28.89705394800013
142.0,0.75,29.006109960937835
142.0,0.8,28.21486796800065
143.0,0.0,0.0
143.0,0.05,15.263823057625002
143.0,0.1,22.491201368000002
143.0,0.15,25.505681423625006
143.0,0.2,26.647808512000005
143.0,0.25,27.185256640625017
143.0,0.3,27.662341752000025
143.0,0.35,28.18891822862504
143.0,0.4,28.668658688000026
143.0,0.45,28.96671706762513
143.0,0.5,29.016775000000077
143.0,0.55,28.867471477625397
143.0,0.6,28.668215808000127
143.0,0.65,28.594383858625605
143.0,0.7,28.711897592000174
143.0,0.75,28.781187890625343
143.0,0.8,28.000540672000636
144.0,0.0,0.0
144.0,0.05,14.839443281312501
144.0,0.1,21.991975444000005
144.0,0.15,25.079053271812505
144.0,0.2,26.325796096000005
144.0,0.25,26.945651757812517
144.0,0.3,27.468354516000023
144.0,0.35,28.011174899312543
144.0,0.4,28.493461504000024
144.0,0.45,28.794474736312626
144.0,0.5,28.854512500000084
144.0,0.55,28.71932782881288
144.0,0.6,28.527838464000126
144.0,0.65,28.443128376813103
144.0,0.7,28.526741236000213
144.0,0.75,28.556265820312852
144.0,0.8,27.786213376000617
145.0,0.0,0.0
145.0,0.05,14.415063505000003
145.0,0.1,21.492749520000004
145.0,0.15,24.652425120000004
145.0,0.2,26.003783680000005
145.0,0.25,26.706046875000016
145.0,0.3,27.27436728000002
145.0,0.35,27.833431570000045
145.0,0.4,28.318264320000026
145.0,0.45,28.622232405000123
145.0,0.5,28.692250000000087
145.0,0.55,28.571184180000365
145.0,0.6,28.387461120000125
145.0,0.65,28.291872895000598
145.0,0.7,28.341584880000255
145.0,0.75,28.33134375000036
145.0,0.8,27.571886080000603
146.0,0.0,0.0
146.0,0.05,13.990683728687502
146.0,0.1,20.993523596000003
146.0,0.15,24.225796968187503
146.0,0.2,25.681771264000005
146.0,0.25,26.466441992187516
146.0,0.3,27.080380044000016
146.0,0.35,27.65568824068755
146.0,0.4,28.143067136000028
146.0,0.45,28.44999007368762
146.0,0.5,28.52998750000009
146.0,0.55,28.423040531187848
146.0,0.6,28.247083776000125
146.0,0.65,28.140617413188092
146.0,0.7,28.156428524000297
146.0,0.75,28.10642167968787
146.0,0.8,27.357558784000588
147.0,0.0,0.0
147.0,0.05,13.566303952375002
147.0,0.1,20.494297672000002
147.0,0.15,23.799168816375
147.0,0.2,25.359758848000002
147.0,0.25,26.226837109375012
147.0,0.3,26.886392808000014
147.0,0.35,27.47794491137505
147.0,0.4,27.967869952000026
147.0,0.45,28.277747742375112
147.0,0.5,28.367725000000096
147.0,0.55,28.27489688237533
147.0,0.6,28.106706432000124
147.0,0.65,27.989361931375587
147.0,0.7,27.971272168000336
147.0,0.75,27.88149960937538
147.0,0.8,27.143231488000573
148.0,0.0,0.0
148.0,0.05,13.141924176062501
148.0,0.1,19.995071748000004
148.0,0.15,23.3725406645625
148.0,0.2,25.037746432000002
148.0,0.25,25.98723222656251
148.0,0.3,26.692405572000013
148.0,0.35,27.300201582062552
148.0,0.4,27.792672768000028
148.0,0.45,28.10550541106261
148.0,0.5,28.2054625000001
148.0,0.55,28.126753233562813
148.0,0.6,27.966329088000123
148.0,0.65,27.838106449563085
148.0,0.7,27.78611581200038
148.0,0.75,27.656577539062887
148.0,0.8,26.92890419200056
149.0,0.0,0.0
149.0,0.05,12.717544399750002
149.0,0.1,19.495845824000003
149.0,0.15,22.94591251275
149.0,0.2,24.715734016000003
149.0,0.25,25.74762734375001
149.0,0.3,26.49841833600001
149.0,0.35,27.122458252750054
149.0,0.4,27.617475584000026
149.0,0.45,27.933263079750105
149.0,0.5,28.043200000000105
149.0,0.55,27.9786095847503
149.0,0.6,27.825951744000122
149.0,0.65,27.68685096775058
149.0,0.7,27.600959456000417
149.0,0.75,27.431655468750396
149.0,0.8,26.714576896000544
150.0,0.0,0.0
150.0,0.05,12.293164623437502
150.0,0.1,18.996619900000002
150.0,0.15,22.519284360937498
150.0,0.2,24.393721600000003
150.0,0.25,25.50802246093751
150.0,0.3,26.30443110000001
150.0,0.35,26.944714923437555
150.0,0.4,27.442278400000028
150.0,0.45,27.761020748437602
150.0,0.5,27.88093750000011
150.0,0.55,27.83046593593778
150.0,0.6,27.68557440000012
150.0,0.65,27.535595485938074
150.0,0.7,27.41580310000046
150.0,0.75,27.206733398437905
150.0,0.8,26.50024960000053
